﻿<?xml version="1.0" encoding="utf-8"?>
  <RtDriverConfiguration FormNameCN="锐特调试软件" FormNameTC="銳特調試軟件" FormNameEN="RUITECHCONFIGURATOR" FormNameKr="" xmlns:xsi="http://www.w3.org/2001/XMLSchema-instance" xmlns:xsd="http://www.w3.org/2001/XMLSchema">
    <IOConfiguration INModbusAddr="2" OUTModbusAddr="3" INcount="6" OUTcount="2"/>
    <SpecialFunRegister SaveModbusAddr="90" ReSetModbusAddr="91"/>
    <Product ProductName="R60-AL" ProductSeries="R60-AL" VerModbusAddr="94" language="0" neutral="1">
      <RegisterSummary>
        <Register ModbusAddr="0-16" FunctionCN="保留" FunctionTC="保留" FunctionEN="Keep" FunctionKr="" ColumnType="Textbox" Parameter="-" Default="-" Minimum="0" Maximum="-" Unit="-" RWAttribution="R" Remark="17"/>
        <Register ModbusAddr="17" FunctionCN="指令工作模式" FunctionTC="指令工作模式" FunctionEN="Command work mode" FunctionKr="" ColumnType="Combox" Parameter="0" Default="1" Minimum="0" Maximum="1" Unit="-" RWAttribution="RW" Remark="-">
          <Menu NameCN="内部脉冲" NameTC="內部脈衝" NameEN="Internal pulse" NameKr="" Parameter="0"/>
          <Menu NameCN="外部脉冲" NameTC="外部脈衝" NameEN="External pulse" NameKr="" Parameter="1"/>
        </Register>
        <Register ModbusAddr="18" FunctionCN="保留" FunctionTC="保留" FunctionEN="Keep" FunctionKr="" ColumnType="Textbox" Parameter="-" Default="-" Minimum="0" Maximum="-" Unit="-" RWAttribution="R" Remark="1"/>
        <Register ModbusAddr="19" FunctionCN="脉冲模式" FunctionTC="脈沖模式" FunctionEN="Pulse mode" FunctionKr="" ColumnType="Combox" Parameter="0" Default="0" Minimum="0" Maximum="1" Unit="-" RWAttribution="RW" Remark="-">
          <Menu NameCN="PUL+DIR" NameTC="PUL+DIR" NameEN="PUL+DIR" NameKr="" Parameter="0"/>
          <Menu NameCN="CW+CCW" NameTC="CW+CCW" NameEN="CW+CCW" NameKr="" Parameter="1"/>
        </Register>
        <Register ModbusAddr="20" FunctionCN="内部应用模式" FunctionTC="內部應用模式" FunctionEN="Internal application mode" FunctionKr="" ColumnType="Combox" Parameter="0" Default="2" Minimum="0" Maximum="20" Unit="-" RWAttribution="RW" Remark="-">
          <Menu NameCN="通讯控制" NameTC="通訊控制" NameEN="Communication control" NameKr="" Parameter="0"/>
          <Menu NameCN="软件回零" NameTC="軟件回零" NameEN="Software reset" NameKr="" Parameter="1"/>
          <Menu NameCN="IO速度控制:启停+方向" NameTC="速度控制:啟停+方向" NameEN="Speed control: start/stop + direction" NameKr="" Parameter="2"/>
          <Menu NameCN="IO速度控制:正转+反转" NameTC="速度控制:正轉+反轉" NameEN="Speed control: forward + reverse" NameKr="" Parameter="3"/>
          <Menu NameCN="速度表" NameTC="速度表" NameEN="Speedometer" NameKr="" Parameter="4"/>
          <Menu NameCN="位置表" NameTC="位置表" NameEN="Location table" NameKr="" Parameter="5"/>
          <Menu NameCN="位置点动" NameTC="位置點動" NameEN="Position jog" NameKr="" Parameter="6"/>
          <Menu NameCN="USER1" NameTC="USER1" NameEN="USER1" NameKr="" Parameter="7"/>
          <Menu NameCN="USER2" NameTC="USER2" NameEN="USER2" NameKr="" Parameter="8"/>
          <Menu NameCN="USER3" NameTC="USER3" NameEN="USER3" NameKr="" Parameter="9"/>
          <Menu NameCN="USER4" NameTC="USER4" NameEN="USER4" NameKr="" Parameter="10"/>
          <Menu NameCN="USER5" NameTC="USER5" NameEN="USER5" NameKr="" Parameter="11"/>
          <Menu NameCN="USER6" NameTC="USER6" NameEN="USER6" NameKr="" Parameter="12"/>
          <Menu NameCN="USER7" NameTC="USER7" NameEN="USER7" NameKr="" Parameter="13"/>
          <Menu NameCN="USER8" NameTC="USER8" NameEN="USER8" NameKr="" Parameter="14"/>
          <Menu NameCN="USER9" NameTC="USER9" NameEN="USER9" NameKr="" Parameter="15"/>
          <Menu NameCN="USER10" NameTC="USER10" NameEN="USER10" NameKr="" Parameter="16"/>
        </Register>
        <Register ModbusAddr="21" FunctionCN="电机类型" FunctionTC="電機類型" FunctionEN="Motor type" FunctionKr="" ColumnType="Combox" Parameter="0" Default="0" Minimum="0" Maximum="1" Unit="-" RWAttribution="RW" Remark="-">
          <Menu NameCN="两相" NameTC="兩相" NameEN="Two phase" NameKr="" Parameter="0"/>
          <Menu NameCN="三相" NameTC="三相" NameEN="Three phase" NameKr="" Parameter="1"/>
        </Register>
        <Register ModbusAddr="22" FunctionCN="保留" FunctionTC="保留" FunctionEN="Keep" FunctionKr="" ColumnType="Textbox" Parameter="-" Default="-" Minimum="0" Maximum="-" Unit="-" RWAttribution="R" Remark="1"/>
        <Register ModbusAddr="23" FunctionCN="运行方向" FunctionTC="運行方向" FunctionEN="Running direction" FunctionKr="" ColumnType="Combox" Parameter="0" Default="0" Minimum="0" Maximum="1" Unit="-" RWAttribution="RW" Remark="-">
          <Menu NameCN="正常" NameTC="正常" NameEN="Normal" NameKr="" Parameter="0"/>
          <Menu NameCN="取反" NameTC="取反" NameEN="Reverse" NameKr="" Parameter="1"/>
        </Register>
        <Register ModbusAddr="24-25" FunctionCN="保留" FunctionTC="保留" FunctionEN="Keep" FunctionKr="" ColumnType="Textbox" Parameter="-" Default="-" Minimum="-" Maximum="-" Unit="-" RWAttribution="R" Remark="2"/>
        <Register ModbusAddr="26" FunctionCN="待机电流百分比" FunctionTC="待機電流百分比" FunctionEN="Standby current percentage" FunctionKr="" ColumnType="Textbox" Parameter="50" Default="50" Minimum="1" Maximum="100" Unit="%" RWAttribution="RW" Remark="-"/>
        <Register ModbusAddr="27" FunctionCN="待机时间" FunctionTC="待機時間" FunctionEN="Standby time" FunctionKr="" ColumnType="Textbox" Parameter="500" Default="500" Minimum="1" Maximum="65535" Unit="ms" RWAttribution="RW" Remark="-"/>
        <Register ModbusAddr="28" FunctionCN="滤波时间" FunctionTC="濾波時間" FunctionEN="Filter time" FunctionKr="" ColumnType="Textbox" Parameter="128" Default="128" Minimum="1" Maximum="2048" Unit="50us" RWAttribution="RW" Remark="-"/>
        <Register ModbusAddr="29" FunctionCN="保留" FunctionTC="保留" FunctionEN="Keep" FunctionKr="" ColumnType="Textbox" Parameter="-" Default="-" Minimum="-" Maximum="-" Unit="-" RWAttribution="R" Remark="1"/>
        <Register ModbusAddr="30" FunctionCN="自动PI使能" FunctionTC="自動PI使能" FunctionEN="Automatic PI enable" FunctionKr="" ColumnType="Textbox" Parameter="1" Default="1" Minimum="0" Maximum="1" Unit="-" RWAttribution="RW" Remark="-"/>
        <Register ModbusAddr="31-35" FunctionCN="保留" FunctionTC="保留" FunctionEN="Keep" FunctionKr="" ColumnType="Textbox" Parameter="-" Default="-" Minimum="-" Maximum="-" Unit="-" RWAttribution="R" Remark="5"/>
        <Register ModbusAddr="36" FunctionCN="电流环KP" FunctionTC="電流環KP" FunctionEN="Current loop KP" FunctionKr="" ColumnType="Textbox" Parameter="1000" Default="1000" Minimum="100" Maximum="65535" Unit="-" RWAttribution="RW" Remark="-"/>
        <Register ModbusAddr="37" FunctionCN="电流环KI" FunctionTC="電流環KI" FunctionEN="Current loop KI" FunctionKr="" ColumnType="Textbox" Parameter="50" Default="50" Minimum="0" Maximum="1000" Unit="-" RWAttribution="RW" Remark="-"/>
        <Register ModbusAddr="38" FunctionCN="电流环KC" FunctionTC="電流環KC" FunctionEN="Current loop KC" FunctionKr="" ColumnType="Textbox" Parameter="384" Default="384" Minimum="1" Maximum="1024" Unit="-" RWAttribution="RW" Remark="-"/>
        <Register ModbusAddr="39-59" FunctionCN="保留" FunctionTC="保留" FunctionEN="Keep" FunctionKr="" ColumnType="Textbox" Parameter="-" Default="-" Minimum="-" Maximum="-" Unit="-" RWAttribution="R" Remark="21"/>
        <Register ModbusAddr="60" FunctionCN="输入口 1 功能/极性设置" FunctionTC="輸入口1功能極性設置" FunctionEN="Input port 1 function polarity setting" FunctionKr="" ColumnType="Textbox" Parameter="0" Default="32" Minimum="0" Maximum="65535" Unit="-" RWAttribution="RW" Remark="-"/>
        <Register ModbusAddr="61" FunctionCN="输入口 2 功能/极性设置" FunctionTC="輸入口2功能極性設置" FunctionEN="Input port 2 function polarity setting" FunctionKr="" ColumnType="Textbox" Parameter="0" Default="33" Minimum="0" Maximum="65535" Unit="-" RWAttribution="RW" Remark="-"/>
        <Register ModbusAddr="62" FunctionCN="输入口 3 功能/极性设置" FunctionTC="輸入口3功能極性設置" FunctionEN="Input port 3 function polarity setting" FunctionKr="" ColumnType="Textbox" Parameter="0" Default="36" Minimum="0" Maximum="65535" Unit="-" RWAttribution="RW" Remark="-"/>
        <Register ModbusAddr="63-65" FunctionCN="保留" FunctionTC="保留" FunctionEN="Keep" FunctionKr="" ColumnType="Textbox" Parameter="-" Default="-" Minimum="-" Maximum="-" Unit="-" RWAttribution="R" Remark="3"/>
        <Register ModbusAddr="66" FunctionCN="输出口 1 功能/极性设置" FunctionTC="輸出口1 功能極性設置" FunctionEN="Output port 1 function polarity setting" FunctionKr="" ColumnType="Textbox" Parameter="0" Default="17" Minimum="0" Maximum="65535" Unit="-" RWAttribution="RW" Remark="-"/>
        <Register ModbusAddr="67" FunctionCN="保留" FunctionTC="保留" FunctionEN="Keep" FunctionKr="" ColumnType="Textbox" Parameter="-" Default="-" Minimum="-" Maximum="-" Unit="-" RWAttribution="R" Remark="1"/>
        <Register ModbusAddr="68" FunctionCN="通用输出端口" FunctionTC="通用輸出端口" FunctionEN="Universal output port" FunctionKr="" ColumnType="Textbox" Parameter="0" Default="0" Minimum="0" Maximum="65535" Unit="-" RWAttribution="RW" Remark="-"/>
        <Register ModbusAddr="69" FunctionCN="保留" FunctionTC="保留" FunctionEN="Keep" FunctionKr="" ColumnType="Textbox" Parameter="-" Default="-" Minimum="-" Maximum="-" Unit="-" RWAttribution="R" Remark="1"/>
        <Register ModbusAddr="70" FunctionCN="点位运动加速度" FunctionTC="點位運動加速度" FunctionEN="Point motion acceleration" FunctionKr="" ColumnType="Textbox" Parameter="0" Default="0" Minimum="0" Maximum="65535" Unit="r/s^2" RWAttribution="RW" Remark="-"/>
        <Register ModbusAddr="71" FunctionCN="保留" FunctionTC="保留" FunctionEN="Keep" FunctionKr="" ColumnType="Textbox" Parameter="-" Default="-" Minimum="-" Maximum="-" Unit="-" RWAttribution="R" Remark="1"/>
        <Register ModbusAddr="72" FunctionCN="点位运动速度" FunctionTC="點位運動速度" FunctionEN="Point motion speed" FunctionKr="" ColumnType="Textbox" Parameter="0" Default="0" Minimum="0" Maximum="3000" Unit="RPM" RWAttribution="RW" Remark="-"/>
        <Register ModbusAddr="73" FunctionCN="点位运动脉冲" FunctionTC="點位運動脈衝" FunctionEN="Point motion pulse" FunctionKr="" ColumnType="Textbox" Parameter="0" Default="0" Minimum="-1073741824" Maximum="1073741823" Unit="Pulse" RWAttribution="RW" Remark="int32"/>
        <Register ModbusAddr="75" FunctionCN="JOG加速度" FunctionTC=" JOG 加速度" FunctionEN="JOG Acceleration" FunctionKr="" ColumnType="Textbox" Parameter="0" Default="0" Minimum="0" Maximum="65535" Unit="r/s^2" RWAttribution="RW" Remark="-"/>
        <Register ModbusAddr="76" FunctionCN="JOG减速度" FunctionTC="JOG 減速度" FunctionEN="JOG Deceleration" FunctionKr="" ColumnType="Textbox" Parameter="0" Default="0" Minimum="0" Maximum="65535" Unit="r/s^2" RWAttribution="RW" Remark="-"/>
        <Register ModbusAddr="77" FunctionCN="JOG速度" FunctionTC="JOG 速度" FunctionEN="JOG Speed" FunctionKr="" ColumnType="Textbox" Parameter="0" Default="0" Minimum="0" Maximum="65535" Unit="RPM" RWAttribution="RW" Remark="-"/>
        <Register ModbusAddr="78" FunctionCN="急停减速度" FunctionTC=" 急停減速度" FunctionEN="Emergency stop deceleration" FunctionKr="" ColumnType="Textbox" Parameter="0" Default="0" Minimum="0" Maximum="65535" Unit="RPM" RWAttribution="RW" Remark="-"/>
        <Register ModbusAddr="79" FunctionCN="回零模式" FunctionTC="回零模式" FunctionEN="Homing mode" FunctionKr="" ColumnType="Combox" Parameter="0" Default="0" Minimum="0" Maximum="1" Unit="-" RWAttribution="RW" Remark="-">
          <Menu NameCN="正向回零" NameTC="正向回零" NameEN="Positive Homing" NameKr="" Parameter="0"/>
          <Menu NameCN="负向回零" NameTC="負向回零" NameEN="Negative Homing" NameKr="" Parameter="1"/>
        </Register>
        <Register ModbusAddr="80" FunctionCN="回零高速" FunctionTC="回零高速" FunctionEN="Homing high speed" FunctionKr="" ColumnType="Textbox" Parameter="0" Default="0" Minimum="0" Maximum="65535" Unit="RPM" RWAttribution="RW" Remark="-"/>
        <Register ModbusAddr="81" FunctionCN="回零低速" FunctionTC="回零低速" FunctionEN="Homing low speed" FunctionKr="" ColumnType="Textbox" Parameter="0" Default="0" Minimum="0" Maximum="65535" Unit="PRM" RWAttribution="RW" Remark="-"/>
        <Register ModbusAddr="82" FunctionCN="回零加速度" FunctionTC=" 回零加速度" FunctionEN="Homing acceleration" FunctionKr="" ColumnType="Textbox" Parameter="0" Default="0" Minimum="0" Maximum="65535" Unit="r/s^2" RWAttribution="RW" Remark="-"/>
        <Register ModbusAddr="83" FunctionCN="零点位置偏移" FunctionTC="零點位置偏移" FunctionEN="Homing position offset" FunctionKr="" ColumnType="Textbox" Parameter="0" Default="0" Minimum="-32768" Maximum="32767" Unit="Pulse" RWAttribution="RW" Remark="-"/>
        <Register ModbusAddr="84" FunctionCN="运动模式" FunctionTC="運動模式" FunctionEN="Motion mode" FunctionKr="" ColumnType="Combox" Parameter="0" Default="0" Minimum="0" Maximum="1" Unit="-" RWAttribution="RW" Remark="-">
          <Menu NameCN="增量式" NameTC="增量式" NameEN="Incremental" NameKr="" Parameter="0"/>
          <Menu NameCN="绝对式" NameTC="絕對式" NameEN="Absolute" NameKr="" Parameter="1"/>
        </Register>
        <Register ModbusAddr="85" FunctionCN="清除内部脉冲计数器" FunctionTC="清除內部脈衝計數器" FunctionEN=" Clear internal pulse counter" FunctionKr="" ColumnType="Textbox" Parameter="0" Default="0" Minimum="1" Maximum="1" Unit="-" RWAttribution="RW" Remark="-"/>
        <Register ModbusAddr="86-92" FunctionCN="保留" FunctionTC="保留" FunctionEN="Keep" FunctionKr="" ColumnType="Textbox" Parameter="-" Default="-" Minimum="-" Maximum="-" Unit="-" RWAttribution="R" Remark="7"/>
        <Register ModbusAddr="93" FunctionCN="驱动器ID" FunctionTC=" 驅動器ID" FunctionEN="Driver ID" FunctionKr="" ColumnType="Textbox" Parameter="0" Default="0" Minimum="0" Maximum="65535" Unit="-" RWAttribution="RW" Remark="-"/>
        <Register ModbusAddr="94" FunctionCN="驱动器版本" FunctionTC="驅動器版本" FunctionEN="Driver version" FunctionKr="" ColumnType="Textbox" Parameter="0" Default="0" Minimum="0" Maximum="65535" Unit="-" RWAttribution="RW" Remark="-"/>
        <Register ModbusAddr="95" FunctionCN="保留" FunctionTC="保留" FunctionEN="Keep" FunctionKr="" ColumnType="Textbox" Parameter="-" Default="-" Minimum="-" Maximum="-" Unit="-" RWAttribution="R" Remark="1"/>
        <Register ModbusAddr="96" FunctionCN="内部脉冲模式细分" FunctionTC="  內部脈沖模式細分" FunctionEN=" Internal pulse mode subdivision" FunctionKr="" ColumnType="Textbox" Parameter="200" Default="0" Minimum="200" Maximum="65535" Unit="Pulse/REV" RWAttribution="RW" Remark="-"/>
        <Register ModbusAddr="97-99" FunctionCN="保留" FunctionTC="保留" FunctionEN="Keep" FunctionKr="" ColumnType="Textbox" Parameter="-" Default="-" Minimum="-" Maximum="-" Unit="-" RWAttribution="R" Remark="3"/>
        <Register ModbusAddr="100" FunctionCN="表格切换时间" FunctionTC=" 表格切換時間" FunctionEN="Table switching time" FunctionKr="" ColumnType="Textbox" Parameter="1" Default="0" Minimum="0" Maximum="65535" Unit="ms" RWAttribution="RW" Remark="-"/>
        <Register ModbusAddr="101-104" FunctionCN="保留" FunctionTC="保留" FunctionEN="Keep" FunctionKr="" ColumnType="Textbox" Parameter="-" Default="-" Minimum="-" Maximum="-" Unit="-" RWAttribution="R" Remark="4"/>
        <Register ModbusAddr="105" FunctionCN="多段速度控制0" FunctionTC=" 多段速度控制 0" FunctionEN="Multi segment speed ctrl 0" FunctionKr="" ColumnType="Textbox" Parameter="0" Default="0" Minimum="0" Maximum="3000" Unit="RPM" RWAttribution="RW" Remark="-"/>
        <Register ModbusAddr="106" FunctionCN="多段速度控制1" FunctionTC="  多段速度控制 1" FunctionEN="Multi segment speed ctrl 1" FunctionKr="" ColumnType="Textbox" Parameter="0" Default="0" Minimum="0" Maximum="3000" Unit="RPM" RWAttribution="RW" Remark="-"/>
        <Register ModbusAddr="107" FunctionCN="多段速度控制2" FunctionTC="  多段速度控制 2" FunctionEN="Multi segment speed ctrl 2" FunctionKr="" ColumnType="Textbox" Parameter="0" Default="0" Minimum="0" Maximum="3000" Unit="RPM" RWAttribution="RW" Remark="-"/>
        <Register ModbusAddr="108" FunctionCN="多段速度控制3" FunctionTC="  多段速度控制 3" FunctionEN="Multi segment speed ctrl 3" FunctionKr="" ColumnType="Textbox" Parameter="0" Default="0" Minimum="0" Maximum="3000" Unit="RPM" RWAttribution="RW" Remark="-"/>
        <Register ModbusAddr="109" FunctionCN="多段速度控制4" FunctionTC="  多段速度控制 4" FunctionEN="Multi segment speed ctrl 4" FunctionKr="" ColumnType="Textbox" Parameter="0" Default="0" Minimum="0" Maximum="3000" Unit="RPM" RWAttribution="RW" Remark="-"/>
        <Register ModbusAddr="110" FunctionCN="多段速度控制5" FunctionTC="  多段速度控制 5" FunctionEN="Multi segment speed ctrl 5" FunctionKr="" ColumnType="Textbox" Parameter="0" Default="0" Minimum="0" Maximum="3000" Unit="RPM" RWAttribution="RW" Remark="-"/>
        <Register ModbusAddr="111" FunctionCN="多段速度控制6" FunctionTC="  多段速度控制 6" FunctionEN="Multi segment speed ctrl 6" FunctionKr="" ColumnType="Textbox" Parameter="0" Default="0" Minimum="0" Maximum="3000" Unit="RPM" RWAttribution="RW" Remark="-"/>
        <Register ModbusAddr="112" FunctionCN="多段速度控制7" FunctionTC="  多段速度控制 7" FunctionEN="Multi segment speed ctrl 7" FunctionKr="" ColumnType="Textbox" Parameter="0" Default="0" Minimum="0" Maximum="3000" Unit="RPM" RWAttribution="RW" Remark="-"/>
        <Register ModbusAddr="113" FunctionCN="多段速度控制8" FunctionTC="  多段速度控制 8" FunctionEN="Multi segment speed ctrl 8" FunctionKr="" ColumnType="Textbox" Parameter="0" Default="0" Minimum="0" Maximum="3000" Unit="RPM" RWAttribution="RW" Remark="-"/>
        <Register ModbusAddr="114" FunctionCN="多段速度控制9" FunctionTC="  多段速度控制 9" FunctionEN="Multi segment speed ctrl 9" FunctionKr="" ColumnType="Textbox" Parameter="0" Default="0" Minimum="0" Maximum="3000" Unit="RPM" RWAttribution="RW" Remark="-"/>
        <Register ModbusAddr="115" FunctionCN="多段速度控制10" FunctionTC="  多段速度控制 10" FunctionEN="Multi segment speed ctrl 10" FunctionKr="" ColumnType="Textbox" Parameter="0" Default="0" Minimum="0" Maximum="3000" Unit="RPM" RWAttribution="RW" Remark="-"/>
        <Register ModbusAddr="116" FunctionCN="多段速度控制11" FunctionTC="  多段速度控制 11" FunctionEN="Multi segment speed ctrl 11" FunctionKr="" ColumnType="Textbox" Parameter="0" Default="0" Minimum="0" Maximum="3000" Unit="RPM" RWAttribution="RW" Remark="-"/>
        <Register ModbusAddr="117" FunctionCN="多段速度控制12" FunctionTC="  多段速度控制 12" FunctionEN="Multi segment speed ctrl 12" FunctionKr="" ColumnType="Textbox" Parameter="0" Default="0" Minimum="0" Maximum="3000" Unit="RPM" RWAttribution="RW" Remark="-"/>
        <Register ModbusAddr="118" FunctionCN="多段速度控制13" FunctionTC="  多段速度控制 13" FunctionEN="Multi segment speed ctrl 13" FunctionKr="" ColumnType="Textbox" Parameter="0" Default="0" Minimum="0" Maximum="3000" Unit="RPM" RWAttribution="RW" Remark="-"/>
        <Register ModbusAddr="119" FunctionCN="多段速度控制14" FunctionTC="  多段速度控制 14" FunctionEN="Multi segment speed ctrl 14" FunctionKr="" ColumnType="Textbox" Parameter="0" Default="0" Minimum="0" Maximum="3000" Unit="RPM" RWAttribution="RW" Remark="-"/>
        <Register ModbusAddr="120" FunctionCN="多段速度控制15" FunctionTC="  多段速度控制 15" FunctionEN="Multi segment speed ctrl 15" FunctionKr="" ColumnType="Textbox" Parameter="0" Default="0" Minimum="0" Maximum="3000" Unit="RPM" RWAttribution="RW" Remark="-"/>
        <Register ModbusAddr="121" FunctionCN="当前触发的位置表索引" FunctionTC="當前觸發的位置表索引" FunctionEN="Index of the position table currently triggered" FunctionKr="" ColumnType="Textbox" Parameter="0" Default="0" Minimum="0" Maximum="65535" Unit="-" RWAttribution="R" Remark="-"/>
        <Register ModbusAddr="122-124" FunctionCN="保留" FunctionTC="保留" FunctionEN="Keep" FunctionKr="" ColumnType="Textbox" Parameter="-" Default="-" Minimum="-" Maximum="-" Unit="-" RWAttribution="R" Remark="3"/>
        <Register ModbusAddr="125" FunctionCN="多段位置控制0" FunctionTC="多段位置控制 0" FunctionEN="Multi segment position ctrl 0" FunctionKr="" ColumnType="Textbox" Parameter="0" Default="0" Minimum="-1073741824" Maximum="1073741823" Unit="Pulse" RWAttribution="RW" Remark="int32"/>
        <Register ModbusAddr="127" FunctionCN="多段位置控制1" FunctionTC="多段位置控制 1" FunctionEN="Multi segment position ctrl 1" FunctionKr="" ColumnType="Textbox" Parameter="0" Default="0" Minimum="-1073741824" Maximum="1073741823" Unit="Pulse" RWAttribution="RW" Remark="int32"/>
        <Register ModbusAddr="129" FunctionCN="多段位置控制2" FunctionTC="多段位置控制 2" FunctionEN="Multi segment position ctrl 2" FunctionKr="" ColumnType="Textbox" Parameter="0" Default="0" Minimum="-1073741824" Maximum="1073741823" Unit="Pulse" RWAttribution="RW" Remark="int32"/>
        <Register ModbusAddr="131" FunctionCN="多段位置控制3" FunctionTC="多段位置控制 3" FunctionEN="Multi segment position ctrl 3" FunctionKr="" ColumnType="Textbox" Parameter="0" Default="0" Minimum="-1073741824" Maximum="1073741823" Unit="Pulse" RWAttribution="RW" Remark="int32"/>
        <Register ModbusAddr="133" FunctionCN="多段位置控制4" FunctionTC="多段位置控制 4" FunctionEN="Multi segment position ctrl 4" FunctionKr="" ColumnType="Textbox" Parameter="0" Default="0" Minimum="-1073741824" Maximum="1073741823" Unit="Pulse" RWAttribution="RW" Remark="int32"/>
        <Register ModbusAddr="135" FunctionCN="多段位置控制5" FunctionTC="多段位置控制 5" FunctionEN="Multi segment position ctrl 5" FunctionKr="" ColumnType="Textbox" Parameter="0" Default="0" Minimum="-1073741824" Maximum="1073741823" Unit="Pulse" RWAttribution="RW" Remark="int32"/>
        <Register ModbusAddr="137" FunctionCN="多段位置控制6" FunctionTC="多段位置控制 6" FunctionEN="Multi segment position ctrl 6" FunctionKr="" ColumnType="Textbox" Parameter="0" Default="0" Minimum="-1073741824" Maximum="1073741823" Unit="Pulse" RWAttribution="RW" Remark="int32"/>
        <Register ModbusAddr="139" FunctionCN="多段位置控制7" FunctionTC="多段位置控制 7" FunctionEN="Multi segment position ctrl 7" FunctionKr="" ColumnType="Textbox" Parameter="0" Default="0" Minimum="-1073741824" Maximum="1073741823" Unit="Pulse" RWAttribution="RW" Remark="int32"/>
        <Register ModbusAddr="141" FunctionCN="多段位置控制8" FunctionTC="多段位置控制 8" FunctionEN="Multi segment position ctrl 8" FunctionKr="" ColumnType="Textbox" Parameter="0" Default="0" Minimum="-1073741824" Maximum="1073741823" Unit="Pulse" RWAttribution="RW" Remark="int32"/>
        <Register ModbusAddr="143" FunctionCN="多段位置控制9" FunctionTC="多段位置控制 9" FunctionEN="Multi segment position ctrl 9" FunctionKr="" ColumnType="Textbox" Parameter="0" Default="0" Minimum="-1073741824" Maximum="1073741823" Unit="Pulse" RWAttribution="RW" Remark="int32"/>
        <Register ModbusAddr="145" FunctionCN="多段位置控制10" FunctionTC="多段位置控制 10" FunctionEN="Multi segment position ctrl 10" FunctionKr="" ColumnType="Textbox" Parameter="0" Default="0" Minimum="-1073741824" Maximum="1073741823" Unit="Pulse" RWAttribution="RW" Remark="int32"/>
        <Register ModbusAddr="147" FunctionCN="多段位置控制11" FunctionTC="多段位置控制 11" FunctionEN="Multi segment position ctrl 11" FunctionKr="" ColumnType="Textbox" Parameter="0" Default="0" Minimum="-1073741824" Maximum="1073741823" Unit="Pulse" RWAttribution="RW" Remark="int32"/>
        <Register ModbusAddr="149" FunctionCN="多段位置控制12" FunctionTC="多段位置控制 12" FunctionEN="Multi segment position ctrl 12" FunctionKr="" ColumnType="Textbox" Parameter="0" Default="0" Minimum="-1073741824" Maximum="1073741823" Unit="Pulse" RWAttribution="RW" Remark="int32"/>
        <Register ModbusAddr="151" FunctionCN="多段位置控制13" FunctionTC="多段位置控制 13" FunctionEN="Multi segment position ctrl 13" FunctionKr="" ColumnType="Textbox" Parameter="0" Default="0" Minimum="-1073741824" Maximum="1073741823" Unit="Pulse" RWAttribution="RW" Remark="int32"/>
        <Register ModbusAddr="153" FunctionCN="多段位置控制14" FunctionTC="多段位置控制 14" FunctionEN="Multi segment position ctrl 14" FunctionKr="" ColumnType="Textbox" Parameter="0" Default="0" Minimum="-1073741824" Maximum="1073741823" Unit="Pulse" RWAttribution="RW" Remark="int32"/>
        <Register ModbusAddr="155" FunctionCN="多段位置控制15" FunctionTC="多段位置控制 15" FunctionEN="Multi segment position ctrl 15" FunctionKr="" ColumnType="Textbox" Parameter="0" Default="0" Minimum="-1073741824" Maximum="1073741823" Unit="Pulse" RWAttribution="RW" Remark="int32"/>
        <Register ModbusAddr="156-159" FunctionCN="保留" FunctionTC="保留" FunctionEN="Keep" FunctionKr="" ColumnType="Textbox" Parameter="-" Default="-" Minimum="-" Maximum="-" Unit="-" RWAttribution="R" Remark="4"/>
        <Register ModbusAddr="160" FunctionCN="电流档1" FunctionTC="電流檔 1" FunctionEN="Current range1" FunctionKr="" ColumnType="Textbox" Parameter="1400" Default="1400" Minimum="0" Maximum="10000" Unit="mA" RWAttribution="RW" Remark="-"/>
        <Register ModbusAddr="161" FunctionCN="电流档2" FunctionTC="電流檔 2" FunctionEN="Current range2" FunctionKr="" ColumnType="Textbox" Parameter="2100" Default="2100" Minimum="0" Maximum="10000" Unit="mA" RWAttribution="RW" Remark="-"/>
        <Register ModbusAddr="162" FunctionCN="电流档3" FunctionTC="電流檔 3" FunctionEN="Current range3" FunctionKr="" ColumnType="Textbox" Parameter="2700" Default="2700" Minimum="0" Maximum="10000" Unit="mA" RWAttribution="RW" Remark="-"/>
        <Register ModbusAddr="163" FunctionCN="电流档4" FunctionTC="電流檔 4" FunctionEN="Current range4" FunctionKr="" ColumnType="Textbox" Parameter="3200" Default="3200" Minimum="0" Maximum="10000" Unit="mA" RWAttribution="RW" Remark="-"/>
        <Register ModbusAddr="164" FunctionCN="电流档5" FunctionTC="電流檔 5" FunctionEN="Current range5" FunctionKr="" ColumnType="Textbox" Parameter="3800" Default="3800" Minimum="0" Maximum="10000" Unit="mA" RWAttribution="RW" Remark="-"/>
        <Register ModbusAddr="165" FunctionCN="电流档6" FunctionTC="電流檔 6" FunctionEN="Current range6" FunctionKr="" ColumnType="Textbox" Parameter="4300" Default="4300" Minimum="0" Maximum="10000" Unit="mA" RWAttribution="RW" Remark="-"/>
        <Register ModbusAddr="166" FunctionCN="电流档7" FunctionTC="電流檔 7" FunctionEN="Current range7" FunctionKr="" ColumnType="Textbox" Parameter="4900" Default="4900" Minimum="0" Maximum="10000" Unit="mA" RWAttribution="RW" Remark="-"/>
        <Register ModbusAddr="167" FunctionCN="电流档8" FunctionTC="電流檔 8" FunctionEN="Current range8" FunctionKr="" ColumnType="Textbox" Parameter="5600" Default="5600" Minimum="0" Maximum="10000" Unit="mA" RWAttribution="RW" Remark="-"/>
        <Register ModbusAddr="168" FunctionCN="细分档1" FunctionTC="細分檔1" FunctionEN="Subdivision range1" FunctionKr="" ColumnType="Textbox" Parameter="200" Default="200" Minimum="200" Maximum="65535" Unit="PUL/REV" RWAttribution="RW" Remark="-"/>
        <Register ModbusAddr="169" FunctionCN="细分档2" FunctionTC="細分檔2" FunctionEN="Subdivision range2" FunctionKr="" ColumnType="Textbox" Parameter="400" Default="400" Minimum="200" Maximum="65535" Unit="PUL/REV" RWAttribution="RW" Remark="-"/>
        <Register ModbusAddr="170" FunctionCN="细分档3" FunctionTC="細分檔3" FunctionEN="Subdivision range3" FunctionKr="" ColumnType="Textbox" Parameter="800" Default="800" Minimum="200" Maximum="65535" Unit="PUL/REV" RWAttribution="RW" Remark="-"/>
        <Register ModbusAddr="171" FunctionCN="细分档4" FunctionTC="細分檔4" FunctionEN="Subdivision range4" FunctionKr="" ColumnType="Textbox" Parameter="1600" Default="1600" Minimum="200" Maximum="65535" Unit="PUL/REV" RWAttribution="RW" Remark="-"/>
        <Register ModbusAddr="172" FunctionCN="细分档5" FunctionTC="細分檔5" FunctionEN="Subdivision range5" FunctionKr="" ColumnType="Textbox" Parameter="3200" Default="3200" Minimum="200" Maximum="65535" Unit="PUL/REV" RWAttribution="RW" Remark="-"/>
        <Register ModbusAddr="173" FunctionCN="细分档6" FunctionTC="細分檔6" FunctionEN="Subdivision range6" FunctionKr="" ColumnType="Textbox" Parameter="6400" Default="6400" Minimum="200" Maximum="65535" Unit="PUL/REV" RWAttribution="RW" Remark="-"/>
        <Register ModbusAddr="174" FunctionCN="细分档7" FunctionTC="細分檔7" FunctionEN="Subdivision range7" FunctionKr="" ColumnType="Textbox" Parameter="12800" Default="12800" Minimum="200" Maximum="65535" Unit="PUL/REV" RWAttribution="RW" Remark="-"/>
        <Register ModbusAddr="175" FunctionCN="细分档8" FunctionTC="細分檔8" FunctionEN="Subdivision range8" FunctionKr="" ColumnType="Textbox" Parameter="25600" Default="25600" Minimum="200" Maximum="65535" Unit="PUL/REV" RWAttribution="RW" Remark="-"/>
        <Register ModbusAddr="176" FunctionCN="细分档9" FunctionTC="細分檔9" FunctionEN="Subdivision range9" FunctionKr="" ColumnType="Textbox" Parameter="1000" Default="1000" Minimum="200" Maximum="65535" Unit="PUL/REV" RWAttribution="RW" Remark="-"/>
        <Register ModbusAddr="177" FunctionCN="细分档10" FunctionTC="細分檔10" FunctionEN="Subdivision range10" FunctionKr="" ColumnType="Textbox" Parameter="2000" Default="2000" Minimum="200" Maximum="65535" Unit="PUL/REV" RWAttribution="RW" Remark="-"/>
        <Register ModbusAddr="178" FunctionCN="细分档11" FunctionTC="細分檔11" FunctionEN="Subdivision range11" FunctionKr="" ColumnType="Textbox" Parameter="4000" Default="4000" Minimum="200" Maximum="65535" Unit="PUL/REV" RWAttribution="RW" Remark="-"/>
        <Register ModbusAddr="179" FunctionCN="细分档12" FunctionTC="細分檔12" FunctionEN="Subdivision range12" FunctionKr="" ColumnType="Textbox" Parameter="5000" Default="5000" Minimum="200" Maximum="65535" Unit="PUL/REV" RWAttribution="RW" Remark="-"/>
        <Register ModbusAddr="180" FunctionCN="细分档13" FunctionTC="細分檔13" FunctionEN="Subdivision range13" FunctionKr="" ColumnType="Textbox" Parameter="8000" Default="8000" Minimum="200" Maximum="65535" Unit="PUL/REV" RWAttribution="RW" Remark="-"/>
        <Register ModbusAddr="181" FunctionCN="细分档14" FunctionTC="細分檔14" FunctionEN="Subdivision range14" FunctionKr="" ColumnType="Textbox" Parameter="10000" Default="10000" Minimum="200" Maximum="65535" Unit="PUL/REV" RWAttribution="RW" Remark="-"/>
        <Register ModbusAddr="182" FunctionCN="细分档15" FunctionTC="細分檔15" FunctionEN="Subdivision range15" FunctionKr="" ColumnType="Textbox" Parameter="20000" Default="20000" Minimum="200" Maximum="65535" Unit="PUL/REV" RWAttribution="RW" Remark="-"/>
        <Register ModbusAddr="183" FunctionCN="细分档16" FunctionTC="細分檔16" FunctionEN="Subdivision range16" FunctionKr="" ColumnType="Textbox" Parameter="25000" Default="25000" Minimum="200" Maximum="65535" Unit="PUL/REV" RWAttribution="RW" Remark="-"/>
        <Register ModbusAddr="184-187" FunctionCN="保留" FunctionTC="保留" FunctionEN="Keep" FunctionKr="" ColumnType="Textbox" Parameter="-" Default="-" Minimum="-" Maximum="-" Unit="-" RWAttribution="R" Remark="4"/>
        <Register ModbusAddr="188" FunctionCN="缺相检测使能" FunctionTC="缺相檢測使能" FunctionEN="Phase loss detection enable" FunctionKr="" ColumnType="Textbox" Parameter="1" Default="1" Minimum="0" Maximum="1" Unit="-" RWAttribution="RW" Remark="-"/>
      </RegisterSummary>
      <ToolStripMenuItems>
        <toolStripMenuItem toolStripMenuItemID="0" NameCN="通讯设置" NameTC="通訊設置" NameEN="Communication Setting" NameKr="" isEnable="1" isVisible="1"/>
        <toolStripMenuItem toolStripMenuItemID="1" NameCN="设备管理" NameTC="設備管理" NameEN="Device Management" NameKr="" isEnable="1" isVisible="1"/>
        <toolStripMenuItem toolStripMenuItemID="2" NameCN="参数比较" NameTC="參數比較" NameEN="Parameter Comparison" NameKr="" isEnable="1" isVisible="1"/>
        <toolStripMenuItem toolStripMenuItemID="3" NameCN="添加xml文件" NameTC="添加xml文件" NameEN="Add xml File" NameKr="" isEnable="1" isVisible="1"/>
        <toolStripMenuItem toolStripMenuItemID="4" NameCN="常用功能" NameTC="常用功能" NameEN="Common Functions" NameKr="" isEnable="1" isVisible="1"/>
        <toolStripMenuItem toolStripMenuItemID="5" NameCN="运动测试" NameTC="運動測試" NameEN="MotionTest" NameKr="" isEnable="1" isVisible="1"/>
        <toolStripMenuItem toolStripMenuItemID="6" NameCN="示波器" NameTC="示波器" NameEN="Oscilloscope" NameKr="" isEnable="0" isVisible="0"/>
        <toolStripMenuItem toolStripMenuItemID="7" NameCN="实时状态" NameTC="實時狀態" NameEN="Real-time status" NameKr="" isEnable="1" isVisible="1"/>
        <toolStripMenuItem toolStripMenuItemID="8" NameCN="运动轨迹计算器" NameTC="運動軌跡計算器" NameEN="Trajectory calculator" NameKr="" isEnable="1" isVisible="1"/>
        <toolStripMenuItem toolStripMenuItemID="9" NameCN="语言(Language)" NameTC="語言(Language)" NameEN="语言(Language)" NameKr="语言(Language)" isEnable="1" isVisible="1"/>
        <toolStripMenuItem toolStripMenuItemID="10" NameCN="简体中文" NameTC="簡體中文" NameEN="简体中文" NameKr="简体中文" isEnable="1" isVisible="1"/>
        <toolStripMenuItem toolStripMenuItemID="11" NameCN="繁體中文" NameTC="繁體中文" NameEN="繁體中文" NameKr="繁體中文" isEnable="1" isVisible="1"/>
        <toolStripMenuItem toolStripMenuItemID="12" NameCN="English" NameTC="English" NameEN="English" NameKr="English" isEnable="1" isVisible="1"/>
        <toolStripMenuItem toolStripMenuItemID="13" NameCN="한국어" NameTC="한국어" NameEN="한국어" NameKr="한국어" isEnable="1" isVisible="1"/>
        <toolStripMenuItem toolStripMenuItemID="14" NameCN="关于" NameTC="關於" NameEN="About" NameKr="" isEnable="1" isVisible="1"/>
        <toolStripMenuItem toolStripMenuItemID="15" NameCN="软件更新" NameTC="" NameEN="Software update" NameKr="" isEnable="1" isVisible="1"/>
        <toolStripMenuItem toolStripMenuItemID="16" NameCN="固件更新" NameTC="" NameEN="Firmware update" NameKr="" isEnable="1" isVisible="1"/>
        <toolStripMenuItem toolStripMenuItemID="17" NameCN="管理员入口" NameTC="" NameEN="Administrator" NameKr="" isEnable="1" isVisible="1"/>
        <toolStripMenuItem toolStripMenuItemID="18" NameCN="联系我们" NameTC="" NameEN="Contact us" NameKr="" isEnable="1" isVisible="1"/>
      </ToolStripMenuItems>
      <InterfaceLanguage>
        <SetParameterCtrlItem />
        <SetParameterCtrlItem labelID="0" NameCN="设备名称" NameTC="設備名稱" NameEN="DeviceName" NameKr=""/>
        <SetParameterCtrlItem labelID="1" NameCN="版本号" NameTC="版本號" NameEN="Version" NameKr=""/>
        <SetParameterCtrlItem labelID="2" NameCN="设备地址" NameTC="設備地址" NameEN="DeviceAddr" NameKr=""/>
        <SetParameterCtrlItem labelID="3" NameCN="快捷搜索" NameTC="快捷搜索" NameEN="Search" NameKr=""/>
        <SetParameterCtrlItem labelID="4" NameCN="十进制:" NameTC="十進制" NameEN="Decimal" NameKr=""/>
        <SetParameterCtrlItem labelID="5" NameCN="十六进制:" NameTC="十六進制" NameEN="Hex" NameKr=""/>
        <SetParameterCtrlItem tableHeaderID="0" NameCN="寄存器地址" NameTC="寄存器地址" NameEN="RegisterAddr" NameKr=""/>
        <SetParameterCtrlItem tableHeaderID="1" NameCN="功能说明" NameTC="功能說明" NameEN="Function" NameKr=""/>
        <SetParameterCtrlItem tableHeaderID="2" NameCN="参数值" NameTC="參數值" NameEN="Parameter" NameKr=""/>
        <SetParameterCtrlItem tableHeaderID="3" NameCN="默认值" NameTC="默認值" NameEN="Default" NameKr=""/>
        <SetParameterCtrlItem tableHeaderID="4" NameCN="单位" NameTC="單位" NameEN="Unit" NameKr=""/>
        <SetParameterCtrlItem tableHeaderID="5" NameCN="最小值" NameTC="最小值" NameEN="MinValue" NameKr=""/>
        <SetParameterCtrlItem tableHeaderID="6" NameCN="最大值" NameTC="最大值" NameEN="MaxValue" NameKr=""/>
        <SetParameterCtrlItem tableHeaderID="7" NameCN="属性" NameTC="屬性" NameEN="RWAttribution" NameKr=""/>
        <SetParameterCtrlItem tableHeaderID="8" NameCN="备注" NameTC="備註" NameEN="Remark" NameKr=""/>
        <MotionCtrlItem tableHeaderID="0" NameCN="寄存器地址" NameTC="寄存器地址" NameEN="RegisterAddr" NameKr=""/>
        <MotionCtrlItem tableHeaderID="1" NameCN="功能说明" NameTC="功能說明" NameEN="Function" NameKr=""/>
        <MotionCtrlItem tableHeaderID="2" NameCN="参数值" NameTC="參數值" NameEN="Parameter" NameKr=""/>
        <MotionCtrlItem tableHeaderID="3" NameCN="故障状态" NameTC="故障狀態" NameEN="Parameter2" NameKr=""/>
        <MotionCtrlItem tableHeaderID="4" NameCN="故障代码" NameTC="故障代碼" NameEN="Default" NameKr=""/>
        <MotionCtrlItem tableHeaderID="5" NameCN="状态指示" NameTC="狀態指示" NameEN="Unit" NameKr=""/>

        <CalcCtrlItem labelID="0" NameCN="速度" NameTC=" 速度" NameEN="Speed" NameKr=""/>
        <CalcCtrlItem labelID="1" NameCN="加速度" NameTC="加速度" NameEN="Acc" NameKr=""/>
        <CalcCtrlItem labelID="2" NameCN="减速度" NameTC="減速度" NameEN="dec" NameKr=""/>
        <CalcCtrlItem labelID="3" NameCN="脉冲数/转" NameTC="脈衝數轉" NameEN="pulse/rev" NameKr=""/>
        <CalcCtrlItem labelID="4" NameCN="行程" NameTC="行程" NameEN="Distance" NameKr=""/>
        <CalcCtrlItem labelID="5" NameCN="加速距离" NameTC="加速距離" NameEN="Acc distance" NameKr=""/>
        <CalcCtrlItem labelID="6" NameCN="减速距离" NameTC="減速距離" NameEN="Dec distance" NameKr=""/>
        <CalcCtrlItem labelID="7" NameCN="峰值速度" NameTC="峰值速度" NameEN="Max speed" NameKr=""/>
        <CalcCtrlItem labelID="8" NameCN="加速时间(s)" NameTC="加速時間(s)" NameEN=" Acc time(s)" NameKr=""/>
        <CalcCtrlItem labelID="9" NameCN="减速时间(s)" NameTC="減速時間(s)" NameEN=" Dec time(s)" NameKr=""/>
        <CalcCtrlItem labelID="10" NameCN="总时间(s)" NameTC="總時間(s)" NameEN="Total time(s)" NameKr=""/>
        <CalcCtrlItem buttonID="0" NameCN="更新轨迹计算器" NameTC="更新軌跡計算器" NameEN="Update Chart" NameKr=""/>
      
        <CommunicationCtrlItem labelID="0" NameCN="串口:" NameTC="串口:" NameEN="Serial" NameKr=""/>
        <CommunicationCtrlItem labelID="1" NameCN="波特率:" NameTC="波特率" NameEN="Baud rate" NameKr=""/>
        <CommunicationCtrlItem labelID="2" NameCN="数据位:" NameTC="數據位" NameEN="Data bit" NameKr=""/>
        <CommunicationCtrlItem labelID="3" NameCN="停止位:" NameTC="停止位" NameEN="Stop bit" NameKr=""/>
        <CommunicationCtrlItem labelID="4" NameCN="通讯超时(ms):" NameTC="通訊超時(ms)" NameEN="Communication timeout (ms)" NameKr=""/>
        <CommunicationCtrlItem labelID="5" NameCN="校验位:" NameTC="校驗位" NameEN="Check bit" NameKr=""/>
        <CommunicationCtrlItem labelID="6" NameCN="搜索" NameTC="搜索" NameEN="Search" NameKr=""/>
        <CommunicationCtrlItem comboxID="0" NameCN="38400" NameTC="38400" NameEN="38400" NameKr="38400" isEnable="1"/>
        <CommunicationCtrlItem buttonID="0" NameCN="打开串口?关闭串口" NameTC="打開串口?關閉串口" NameEN="Open port?Close port" NameKr=""/>
        <CommunicationCtrlItem buttonID="1" NameCN="搜索" NameTC="搜索" NameEN="Search serial port" NameKr=""/>
        <CommunicationCtrlItem buttonID="2" NameCN="连接?关闭" NameTC="連接?關閉" NameEN="Connection?Close" NameKr=""/>
        <CommunicationCtrlItem tabpageID="0" NameCN="ModbusRTU" NameTC="ModbusRTU" NameEN="ModbusRTU" NameKr="ModbusRTU" isVisible="1"/>
        <CommunicationCtrlItem tabpageID="1" NameCN="ModbusTCP" NameTC="ModbusTCP" NameEN="ModbusTCP" NameKr="ModbusTCP" isVisible="0"/>
      
        <CompareFileCtrlItem labelID="0" NameCN="差异总数" NameTC="差異總數" NameEN="Total difference" NameKr=""/>
        <CompareFileCtrlItem labelID="1" NameCN="当前差异参数" NameTC=" 當前差異參數" NameEN="Current difference parameter" NameKr=""/>
        <CompareFileCtrlItem buttonID="0" NameCN="上一个差异" NameTC="上一個差異" NameEN="Previous difference" NameKr=""/>
        <CompareFileCtrlItem buttonID="1" NameCN="下一个差异" NameTC="下一個差異" NameEN="Next difference" NameKr=""/>
        <CompareFileCtrlItem checkbxID="0" NameCN="当前驱动器参数" NameTC="當前驅動器參數" NameEN="Current drive parameters" NameKr=""/>
        <CompareFileCtrlItem tableHeaderID="0" NameCN="寄存器地址" NameTC="寄存器地址" NameEN="RegisterAddr" NameKr=""/>
        <CompareFileCtrlItem tableHeaderID="1" NameCN="功能说明" NameTC="功能說明" NameEN="Function" NameKr=""/>
        <CompareFileCtrlItem tableHeaderID="2" NameCN="参数值一" NameTC="參數值一" NameEN="Parameter1" NameKr=""/>
        <CompareFileCtrlItem tableHeaderID="3" NameCN="参数值二" NameTC="參數值二" NameEN="Parameter2" NameKr=""/>
        <CompareFileCtrlItem tableHeaderID="4" NameCN="默认值" NameTC="默認值" NameEN="Default" NameKr=""/>
        <CompareFileCtrlItem tableHeaderID="5" NameCN="单位" NameTC="單位" NameEN="Unit" NameKr=""/>
        <CompareFileCtrlItem tableHeaderID="6" NameCN="最小值" NameTC="最小值" NameEN="MinValue" NameKr=""/>
        <CompareFileCtrlItem tableHeaderID="7" NameCN="最大值" NameTC="最大值" NameEN="MaxValue" NameKr=""/>
      </InterfaceLanguage>
      <TextboxItems>
        <textboxItem textboxID="0" NameCN="速度(rpm)" NameTC="速度(rpm)" NameEN="Speed" NameKr="" ModbusAddr="72" Parameter="600" RWAtrribute="RW" isEnable="1" isVisible="1"/>
        <textboxItem textboxID="1" NameCN="加速度(r/s^2)" NameTC="加速度(r/s^2)" NameEN=" Acceleration(r/s^2)" NameKr="" ModbusAddr="70" Parameter="200" RWAtrribute="RW" isEnable="1" isVisible="1"/>
        <textboxItem textboxID="2" NameCN="位置" NameTC="位置" NameEN="Position" NameKr="" ModbusAddr="73" Parameter="2000" RWAtrribute="RW" isEnable="1" isVisible="1" Remark="int32"/>
        <textboxItem textboxID="3" NameCN="位置" NameTC="位置" NameEN="Position" NameKr="" ModbusAddr="73" Parameter="2000" RWAtrribute="RW" isEnable="0" isVisible="0" Remark="int32"/>
        <textboxItem textboxID="4" NameCN="JOG加速度" NameTC="JOG 加速度" NameEN=" JOG Acceleration" NameKr="" ModbusAddr="75" Parameter="100" RWAtrribute="RW" isEnable="1" isVisible="1"/>
        <textboxItem textboxID="5" NameCN="JOG减速度" NameTC="JOG 減速度" NameEN="JOG Deceleration" NameKr="" ModbusAddr="76" Parameter="100" RWAtrribute="RW" isEnable="1" isVisible="1"/>
        <textboxItem textboxID="6" NameCN="JOG速度" NameTC="JOG 速度" NameEN="JOG speed" NameKr="" ModbusAddr="77" Parameter="600" RWAtrribute="RW" isEnable="1" isVisible="1"/>
      </TextboxItems>
      <ComboBoxItems>
        <comboxItem comboxID="0" NameCN="脉冲指令来源" NameTC="脈衝指令來源" NameEN="Pulse command source" NameKr="" ModbusAddr="17"  isEnable="1" isVisible="1">
          <Menu NameCN="内部脉冲发生器" NameTC="內部脈衝發生器" NameEN="Internal pulse" NameKr="" Parameter="0"/>
          <Menu NameCN="外部脉冲发生器" NameTC="外部脈衝發生器" NameEN="External pulse" NameKr="" Parameter="1"/>
        </comboxItem>
        <comboxItem comboxID="1" NameCN="电机类型" NameTC="電機類型" NameEN="Motor type" NameKr="" ModbusAddr="21" isEnable="1" isVisible="1">
          <Menu NameCN="两相" NameTC="兩相" NameEN="2 phase" NameKr="" Parameter="0"/>
          <Menu NameCN="三相" NameTC="三相" NameEN="3 phase" NameKr="" Parameter="1"/>
        </comboxItem>
        <comboxItem comboxID="2" NameCN="内部脉冲应用模式" NameTC="內部脈衝應用模式" NameEN="Internal pulse application mode" NameKr="" ModbusAddr="20" isEnable="1" isVisible="1">
          <Menu NameCN="通讯控制" NameTC="通訊控制" NameEN="Communication control" NameKr="" Parameter="0"/>
          <Menu NameCN="软件回零" NameTC="軟件回零" NameEN="Software reset" NameKr="" Parameter="1"/>
          <Menu NameCN="IO控制:启停+方向" NameTC="IO控制:啟停+方向" NameEN="IO control: start/stop + direction" NameKr="" Parameter="2"/>
          <Menu NameCN="IO控制:正转+反转" NameTC="IO控制:正轉+反轉" NameEN="IO control: forward + reverse" NameKr="" Parameter="3"/>
          <Menu NameCN="速度表" NameTC="速度表" NameEN="Speedometer" NameKr="" Parameter="4"/>
          <Menu NameCN="位置表" NameTC="位置表" NameEN="Location table" NameKr="" Parameter="5"/>
          <Menu NameCN="定长点动" NameTC="定長點動" NameEN="Fixed length jog" NameKr="" Parameter="6"/>
          <Menu NameCN="用户定制1" NameTC="用戶定制1" NameEN="user 1" NameKr="" Parameter="7"/>
          <Menu NameCN="用户定制2" NameTC="用戶定制2" NameEN="user 2" NameKr="" Parameter="8"/>
          <Menu NameCN="用户定制3" NameTC="用戶定制3" NameEN="user 3" NameKr="" Parameter="9"/>
          <Menu NameCN="用户定制4" NameTC="用戶定制4" NameEN="user 4" NameKr="" Parameter="10"/>
          <Menu NameCN="用户定制5" NameTC="用戶定制5" NameEN="user 5" NameKr="" Parameter="11"/>
          <Menu NameCN="用户定制6" NameTC="用戶定制6" NameEN="user 6" NameKr="" Parameter="12"/>
          <Menu NameCN="用户定制7" NameTC="用戶定制7" NameEN="user 7" NameKr="" Parameter="13"/>
          <Menu NameCN="用户定制8" NameTC="用戶定制8" NameEN="user 8" NameKr="" Parameter="14"/>
          <Menu NameCN="用户定制9" NameTC="用戶定制9" NameEN="user 9" NameKr="" Parameter="15"/>
          <Menu NameCN="用户定制10" NameTC="用戶定制10" NameEN="user 10" NameKr="" Parameter="16"/>
        </comboxItem>
        <comboxItem comboxID="3" NameCN="电机运行模式" NameTC="電機運行模式" NameEN="Motor operation mode" NameKr="" ModbusAddr="22" isEnable="0" isVisible="1">
          <Menu NameCN="开环" NameTC="開環" NameEN="Open loop" NameKr="" Parameter="0"/>
          <Menu NameCN="伺服模式一" NameTC="伺服模式一" NameEN="Servo mode one" NameKr="" Parameter="1"/>
          <Menu NameCN="伺服模式二" NameTC="伺服模式二" NameEN="Servo mode two" NameKr="" Parameter="2"/>
        </comboxItem>
        <comboxItem comboxID="4" NameCN="运行方向" NameTC="運行方向" NameEN="Running direction" NameKr="" ModbusAddr="23" isEnable="1" isVisible="1">
          <Menu NameCN="正常" NameTC="正常" NameEN="Normal" NameKr="" Parameter="0"/>
          <Menu NameCN="取反" NameTC="取反" NameEN="Reverse" NameKr="" Parameter="1"/>
        </comboxItem>
        <comboxItem comboxID="5" NameCN="运行模式" NameTC="" NameEN="Operating mode" NameKr="" ModbusAddr="84" isEnable="1" isVisible="1">
          <Menu NameCN="增量式" NameTC="增量式" NameEN="Incremental" NameKr="" Parameter="0"/>
          <Menu NameCN="绝对式" NameTC="絕對式" NameEN="Absolute" NameKr="" Parameter="1"/>
        </comboxItem>
        <comboxItem comboxID="6" NameCN="IN1:" NameTC="IN1:" NameEN="IN1:" NameKr="" ModbusAddr="60" bit="5" isEnable="1" isVisible="1">
          <Menu NameCN="脉冲输入" NameTC="脈衝輸入" NameEN="Pulse input" NameKr="" Parameter="0"/>
          <Menu NameCN="方向输入" NameTC="方向輸入" NameEN="Direction input" NameKr="" Parameter="1"/>
          <Menu NameCN="正交编码器A相输入" NameTC="正交編碼器A相輸入" NameEN="QEP Phase A" NameKr="" Parameter="2"/>
          <Menu NameCN="正交编码器B相输入" NameTC="正交編碼器B相輸入" NameEN="QEP Phase B" NameKr="" Parameter="3"/>
          <Menu NameCN="电机脱机" NameTC="電機脫機" NameEN="Motor offline" NameKr="" Parameter="4"/>
          <Menu NameCN="清除故障" NameTC="清除故障" NameEN="Clear fault" NameKr="" Parameter="5"/>
          <Menu NameCN="急停" NameTC="急停" NameEN="Emergency stop" NameKr="" Parameter="6"/>
          <Menu NameCN="点动正转/启停" NameTC="點動正轉/啟停" NameEN="Jog forward/stop" NameKr="" Parameter="7"/>
          <Menu NameCN="点动反转/方向" NameTC="點動反轉/方向" NameEN="Jog reverse/direction" NameKr="" Parameter="8"/>
          <Menu NameCN="正向限位输入" NameTC="正向限位輸入" NameEN="Positive limit" NameKr="" Parameter="9"/>
          <Menu NameCN="反向限位输入" NameTC="反向限位輸入" NameEN="Reverse limit" NameKr="" Parameter="10"/>
          <Menu NameCN="零点信号输入" NameTC="零點信號輸入" NameEN="Homing signal" NameKr="" Parameter="11"/>
          <Menu NameCN="启动回零" NameTC=" 啟動回零" NameEN="Start homing" NameKr="" Parameter="12"/>
          <Menu NameCN="电机运行方向取反" NameTC="電機運行方向取反" NameEN="Reverse motor running direction" NameKr="" Parameter="13"/>
          <Menu NameCN="多段速度控制0" NameTC="多段速度控制0" NameEN="Multi-segment speed ctrl 0" NameKr="" Parameter="14"/>
          <Menu NameCN="多段速度控制1" NameTC="多段速度控制1" NameEN="Multi-segment speed ctrl 1" NameKr="" Parameter="15"/>
          <Menu NameCN="多段速度控制2" NameTC="多段速度控制2" NameEN="Multi-segment speed ctrl 2" NameKr="" Parameter="16"/>
          <Menu NameCN="多段速度控制3" NameTC="多段速度控制3" NameEN="Multi-segment speed ctrl 3" NameKr="" Parameter="17"/>
          <Menu NameCN="多段位置控制0" NameTC="多段位置控制0" NameEN="Multi-segment position ctrl 0" NameKr="" Parameter="18"/>
          <Menu NameCN="多段位置控制1" NameTC="多段位置控制1" NameEN="Multi-segment position ctrl 1" NameKr="" Parameter="19"/>
          <Menu NameCN="多段位置控制2" NameTC="多段位置控制2" NameEN="Multi-segment position ctrl 2" NameKr="" Parameter="20"/>
          <Menu NameCN="多段位置控制3" NameTC="多段位置控制3" NameEN="Multi-segment position ctrl 3" NameKr="" Parameter="21"/>
          <Menu NameCN="USER1" NameTC="USER1" NameEN="USER1" NameKr="" Parameter="22"/>
          <Menu NameCN="USER2" NameTC="USER2" NameEN="USER2" NameKr="" Parameter="23"/>
          <Menu NameCN="USER3" NameTC="USER3" NameEN="USER3" NameKr="" Parameter="24"/>
          <Menu NameCN="USER4" NameTC="USER4" NameEN="USER4" NameKr="" Parameter="25"/>
        </comboxItem>
        <comboxItem comboxID="7" NameCN="IN2:" NameTC="" NameEN="IN2:" NameKr="" ModbusAddr="61" bit="5" isEnable="1" isVisible="1">
          <Menu NameCN="脉冲输入" NameTC="脈衝輸入" NameEN="Pulse input" NameKr="" Parameter="0"/>
          <Menu NameCN="方向输入" NameTC="方向輸入" NameEN="Direction input" NameKr="" Parameter="1"/>
          <Menu NameCN="正交编码器A相输入" NameTC="正交編碼器A相輸入" NameEN="QEP Phase A" NameKr="" Parameter="2"/>
          <Menu NameCN="正交编码器B相输入" NameTC="正交編碼器B相輸入" NameEN="QEP Phase B" NameKr="" Parameter="3"/>
          <Menu NameCN="电机脱机" NameTC="電機脫機" NameEN="Motor offline" NameKr="" Parameter="4"/>
          <Menu NameCN="清除故障" NameTC="清除故障" NameEN="Clear fault" NameKr="" Parameter="5"/>
          <Menu NameCN="急停" NameTC="急停" NameEN="Emergency stop" NameKr="" Parameter="6"/>
          <Menu NameCN="点动正转/启停" NameTC="點動正轉/啟停" NameEN="Jog forward/stop" NameKr="" Parameter="7"/>
          <Menu NameCN="点动反转/方向" NameTC="點動反轉/方向" NameEN="Jog reverse/direction" NameKr="" Parameter="8"/>
          <Menu NameCN="正向限位输入" NameTC="正向限位輸入" NameEN="Positive limit" NameKr="" Parameter="9"/>
          <Menu NameCN="反向限位输入" NameTC="反向限位輸入" NameEN="Reverse limit" NameKr="" Parameter="10"/>
          <Menu NameCN="零点信号输入" NameTC="零點信號輸入" NameEN="Homing signal" NameKr="" Parameter="11"/>
          <Menu NameCN="启动回零" NameTC="啟動回零" NameEN="Start homing" NameKr="" Parameter="12"/>
          <Menu NameCN="电机运行方向取反" NameTC="電機運行方向取反" NameEN="Reverse motor running direction" NameKr="" Parameter="13"/>
          <Menu NameCN="多段速度控制0" NameTC="多段速度控制0" NameEN="Multi-segment speed ctrl 0" NameKr="" Parameter="14"/>
          <Menu NameCN="多段速度控制1" NameTC="多段速度控制1" NameEN="Multi-segment speed ctrl 1" NameKr="" Parameter="15"/>
          <Menu NameCN="多段速度控制2" NameTC="多段速度控制2" NameEN="Multi-segment speed ctrl 2" NameKr="" Parameter="16"/>
          <Menu NameCN="多段速度控制3" NameTC="多段速度控制3" NameEN="Multi-segment speed ctrl 3" NameKr="" Parameter="17"/>
          <Menu NameCN="多段位置控制0" NameTC="多段位置控制0" NameEN="Multi-segment position ctrl 0" NameKr="" Parameter="18"/>
          <Menu NameCN="多段位置控制1" NameTC="多段位置控制1" NameEN="Multi-segment position ctrl 1" NameKr="" Parameter="19"/>
          <Menu NameCN="多段位置控制2" NameTC="多段位置控制2" NameEN="Multi-segment position ctrl 2" NameKr="" Parameter="20"/>
          <Menu NameCN="多段位置控制3" NameTC="多段位置控制3" NameEN="Multi-segment position ctrl 3" NameKr="" Parameter="21"/>
          <Menu NameCN="USER1" NameTC="USER1" NameEN="USER1" NameKr="" Parameter="22"/>
          <Menu NameCN="USER2" NameTC="USER2" NameEN="USER2" NameKr="" Parameter="23"/>
          <Menu NameCN="USER3" NameTC="USER3" NameEN="USER3" NameKr="" Parameter="24"/>
          <Menu NameCN="USER4" NameTC="USER4" NameEN="USER4" NameKr="" Parameter="25"/>
        </comboxItem>
        <comboxItem comboxID="8" NameCN="IN3:" NameTC="" NameEN="IN3:" NameKr="" ModbusAddr="62" bit="5" isEnable="1" isVisible="1">
          <Menu NameCN="脉冲输入" NameTC="脈衝輸入" NameEN="Pulse input" NameKr="" Parameter="0"/>
          <Menu NameCN="方向输入" NameTC="方向輸入" NameEN="Direction input" NameKr="" Parameter="1"/>
          <Menu NameCN="正交编码器A相输入" NameTC="正交編碼器A相輸入" NameEN="QEP Phase A" NameKr="" Parameter="2"/>
          <Menu NameCN="正交编码器B相输入" NameTC="正交編碼器B相輸入" NameEN="QEP Phase B" NameKr="" Parameter="3"/>
          <Menu NameCN="电机脱机" NameTC="電機脫機" NameEN="Motor offline" NameKr="" Parameter="4"/>
          <Menu NameCN="清除故障" NameTC="清除故障" NameEN="Clear fault" NameKr="" Parameter="5"/>
          <Menu NameCN="急停" NameTC="急停" NameEN="Emergency stop" NameKr="" Parameter="6"/>
          <Menu NameCN="点动正转/启停" NameTC="點動正轉/啟停" NameEN="Jog forward / stop" NameKr="" Parameter="7"/>
          <Menu NameCN="点动反转/方向" NameTC="點動反轉/方向" NameEN="Jog reverse / direction" NameKr="" Parameter="8"/>
          <Menu NameCN="正向限位输入" NameTC="正向限位輸入" NameEN="Positive limit" NameKr="" Parameter="9"/>
          <Menu NameCN="反向限位输入" NameTC="反向限位輸入" NameEN="Reverse limit" NameKr="" Parameter="10"/>
          <Menu NameCN="零点信号输入" NameTC="零點信號輸入" NameEN="Homing signal" NameKr="" Parameter="11"/>
          <Menu NameCN="启动回零" NameTC="啟動回零" NameEN="Start homing" NameKr="" Parameter="12"/>
          <Menu NameCN="电机运行方向取反" NameTC="電機運行方向取反" NameEN="Reverse motor running direction" NameKr="" Parameter="13"/>
          <Menu NameCN="多段速度控制0" NameTC="多段速度控制0" NameEN="Multi-segment speed ctrl 0" NameKr="" Parameter="14"/>
          <Menu NameCN="多段速度控制1" NameTC="多段速度控制1" NameEN="Multi-segment speed ctrl 1" NameKr="" Parameter="15"/>
          <Menu NameCN="多段速度控制2" NameTC="多段速度控制2" NameEN="Multi-segment speed ctrl 2" NameKr="" Parameter="16"/>
          <Menu NameCN="多段速度控制3" NameTC="多段速度控制3" NameEN="Multi-segment speed ctrl 3" NameKr="" Parameter="17"/>
          <Menu NameCN="多段位置控制0" NameTC="多段位置控制0" NameEN="Multi-segment position ctrl 0" NameKr="" Parameter="18"/>
          <Menu NameCN="多段位置控制1" NameTC="多段位置控制1" NameEN="Multi-segment position ctrl 1" NameKr="" Parameter="19"/>
          <Menu NameCN="多段位置控制2" NameTC="多段位置控制2" NameEN="Multi-segment position ctrl 2" NameKr="" Parameter="20"/>
          <Menu NameCN="多段位置控制3" NameTC="多段位置控制3" NameEN="Multi-segment position ctrl 3" NameKr="" Parameter="21"/>
          <Menu NameCN="USER1" NameTC="USER1" NameEN="USER1" NameKr="" Parameter="22"/>
          <Menu NameCN="USER2" NameTC="USER2" NameEN="USER2" NameKr="" Parameter="23"/>
          <Menu NameCN="USER3" NameTC="USER3" NameEN="USER3" NameKr="" Parameter="24"/>
          <Menu NameCN="USER4" NameTC="USER4" NameEN="USER4" NameKr="" Parameter="25"/>
        </comboxItem>
        <comboxItem comboxID="9" NameCN="IN4:" NameTC="" NameEN="IN4:" NameKr="" ModbusAddr="63" bit="5" isEnable="0" isVisible="1">
          <Menu NameCN="脉冲输入" NameTC="脈衝輸入" NameEN="Pulse input" NameKr="" Parameter="0"/>
          <Menu NameCN="方向输入" NameTC="方向輸入" NameEN="Direction input" NameKr="" Parameter="1"/>
          <Menu NameCN="正交编码器A相输入" NameTC="正交編碼器A相輸入" NameEN="QEP Phase A" NameKr="" Parameter="2"/>
          <Menu NameCN="正交编码器B相输入" NameTC="正交編碼器B相輸入" NameEN="QEP Phase B" NameKr="" Parameter="3"/>
          <Menu NameCN="电机脱机" NameTC="電機脫機" NameEN="Motor offline" NameKr="" Parameter="4"/>
          <Menu NameCN="清除故障" NameTC="清除故障" NameEN="Clear fault" NameKr="" Parameter="5"/>
          <Menu NameCN="急停" NameTC="急停" NameEN="Emergency stop" NameKr="" Parameter="6"/>
          <Menu NameCN="点动正转/启停" NameTC="點動正轉/啟停" NameEN="Jog forward / stop" NameKr="" Parameter="7"/>
          <Menu NameCN="点动反转/方向" NameTC="點動反轉/方向" NameEN="Jog reverse / direction" NameKr="" Parameter="8"/>
          <Menu NameCN="正向限位输入" NameTC="正向限位輸入" NameEN="Positive limit" NameKr="" Parameter="9"/>
          <Menu NameCN="反向限位输入" NameTC="反向限位輸入" NameEN="Reverse limit" NameKr="" Parameter="10"/>
          <Menu NameCN="零点信号输入" NameTC="零點信號輸入" NameEN="Homing signal" NameKr="" Parameter="11"/>
          <Menu NameCN="启动回零" NameTC="啟動回零" NameEN="Start homing" NameKr="" Parameter="12"/>
          <Menu NameCN="电机运行方向取反" NameTC="電機運行方向取反" NameEN="Reverse motor running direction" NameKr="" Parameter="13"/>
          <Menu NameCN="多段速度控制0" NameTC="多段速度控制0" NameEN="Multi-segment speed ctrl 0" NameKr="" Parameter="14"/>
          <Menu NameCN="多段速度控制1" NameTC="多段速度控制1" NameEN="Multi-segment speed ctrl 1" NameKr="" Parameter="15"/>
          <Menu NameCN="多段速度控制2" NameTC="多段速度控制2" NameEN="Multi-segment speed ctrl 2" NameKr="" Parameter="16"/>
          <Menu NameCN="多段速度控制3" NameTC="多段速度控制3" NameEN="Multi-segment speed ctrl 3" NameKr="" Parameter="17"/>
          <Menu NameCN="多段位置控制0" NameTC="多段位置控制0" NameEN="Multi-segment position ctrl 0" NameKr="" Parameter="18"/>
          <Menu NameCN="多段位置控制1" NameTC="多段位置控制1" NameEN="Multi-segment position ctrl 1" NameKr="" Parameter="19"/>
          <Menu NameCN="多段位置控制2" NameTC="多段位置控制2" NameEN="Multi-segment position ctrl 2" NameKr="" Parameter="20"/>
          <Menu NameCN="多段位置控制3" NameTC="多段位置控制3" NameEN="Multi-segment position ctrl 3" NameKr="" Parameter="21"/>
          <Menu NameCN="USER1" NameTC="USER1" NameEN="USER1" NameKr="" Parameter="22"/>
          <Menu NameCN="USER2" NameTC="USER2" NameEN="USER2" NameKr="" Parameter="23"/>
          <Menu NameCN="USER3" NameTC="USER3" NameEN="USER3" NameKr="" Parameter="24"/>
          <Menu NameCN="USER4" NameTC="USER4" NameEN="USER4" NameKr="" Parameter="25"/>
        </comboxItem>
        <comboxItem comboxID="10" NameCN="IN5:" NameTC="" NameEN="IN5" NameKr="" ModbusAddr="64" bit="5" isEnable="0" isVisible="1">
          <Menu NameCN="脉冲输入" NameTC="脈衝輸入" NameEN="Pulse input" NameKr="" Parameter="0"/>
          <Menu NameCN="方向输入" NameTC="方向輸入" NameEN="Direction input" NameKr="" Parameter="1"/>
          <Menu NameCN="正交编码器A相输入" NameTC="正交編碼器A相輸入" NameEN="QEP Phase A" NameKr="" Parameter="2"/>
          <Menu NameCN="正交编码器B相输入" NameTC="正交編碼器B相輸入" NameEN="QEP Phase B" NameKr="" Parameter="3"/>
          <Menu NameCN="电机脱机" NameTC="電機脫機" NameEN="Motor offline" NameKr="" Parameter="4"/>
          <Menu NameCN="清除故障" NameTC="清除故障" NameEN="Clear fault" NameKr="" Parameter="5"/>
          <Menu NameCN="急停" NameTC="急停" NameEN="Emergency stop" NameKr="" Parameter="6"/>
          <Menu NameCN="点动正转/启停" NameTC="點動正轉/啟停" NameEN="Jog forward / stop" NameKr="" Parameter="7"/>
          <Menu NameCN="点动反转/方向" NameTC="點動反轉/方向" NameEN="Jog reverse / direction" NameKr="" Parameter="8"/>
          <Menu NameCN="正向限位输入" NameTC="正向限位輸入" NameEN="Positive limit" NameKr="" Parameter="9"/>
          <Menu NameCN="反向限位输入" NameTC="反向限位輸入" NameEN="Reverse limit" NameKr="" Parameter="10"/>
          <Menu NameCN="零点信号输入" NameTC="零點信號輸入" NameEN="Homing signal" NameKr="" Parameter="11"/>
          <Menu NameCN="启动回零" NameTC="啟動回零" NameEN="Start homing" NameKr="" Parameter="12"/>
          <Menu NameCN="电机运行方向取反" NameTC="電機運行方向取反" NameEN="Reverse motor running direction" NameKr="" Parameter="13"/>
          <Menu NameCN="多段速度控制0" NameTC="多段速度控制0" NameEN="Multi-segment speed ctrl 0" NameKr="" Parameter="14"/>
          <Menu NameCN="多段速度控制1" NameTC="多段速度控制1" NameEN="Multi-segment speed ctrl 1" NameKr="" Parameter="15"/>
          <Menu NameCN="多段速度控制2" NameTC="多段速度控制2" NameEN="Multi-segment speed ctrl 2" NameKr="" Parameter="16"/>
          <Menu NameCN="多段速度控制3" NameTC="多段速度控制3" NameEN="Multi-segment speed ctrl 3" NameKr="" Parameter="17"/>
          <Menu NameCN="多段位置控制0" NameTC="多段位置控制0" NameEN="Multi-segment position ctrl 0" NameKr="" Parameter="18"/>
          <Menu NameCN="多段位置控制1" NameTC="多段位置控制1" NameEN="Multi-segment position ctrl 1" NameKr="" Parameter="19"/>
          <Menu NameCN="多段位置控制2" NameTC="多段位置控制2" NameEN="Multi-segment position ctrl 2" NameKr="" Parameter="20"/>
          <Menu NameCN="多段位置控制3" NameTC="多段位置控制3" NameEN="Multi-segment position ctrl 3" NameKr="" Parameter="21"/>
          <Menu NameCN="USER1" NameTC="USER1" NameEN="USER1" NameKr="" Parameter="22"/>
          <Menu NameCN="USER2" NameTC="USER2" NameEN="USER2" NameKr="" Parameter="23"/>
          <Menu NameCN="USER3" NameTC="USER3" NameEN="USER3" NameKr="" Parameter="24"/>
          <Menu NameCN="USER4" NameTC="USER4" NameEN="USER4" NameKr="" Parameter="25"/>
        </comboxItem>
        <comboxItem comboxID="11" NameCN="IN6:" NameTC="" NameEN="IN6:" NameKr="" ModbusAddr="65" bit="5" isEnable="0" isVisible="1">
          <Menu NameCN="脉冲输入" NameTC="脈衝輸入" NameEN="Pulse input" NameKr="" Parameter="0"/>
          <Menu NameCN="方向输入" NameTC="方向輸入" NameEN="Direction input" NameKr="" Parameter="1"/>
          <Menu NameCN="正交编码器A相输入" NameTC="正交編碼器A相輸入" NameEN="QEP Phase A" NameKr="" Parameter="2"/>
          <Menu NameCN="正交编码器B相输入" NameTC="正交編碼器B相輸入" NameEN="QEP Phase B" NameKr="" Parameter="3"/>
          <Menu NameCN="电机脱机" NameTC="電機脫機" NameEN="Motor offline" NameKr="" Parameter="4"/>
          <Menu NameCN="清除故障" NameTC="清除故障" NameEN="Clear fault" NameKr="" Parameter="5"/>
          <Menu NameCN="急停" NameTC="急停" NameEN="Emergency stop" NameKr="" Parameter="6"/>
          <Menu NameCN="点动正转/启停" NameTC="點動正轉/啟停" NameEN="Jog forward / stop" NameKr="" Parameter="7"/>
          <Menu NameCN="点动反转/方向" NameTC="點動反轉/方向" NameEN="Jog reverse / direction" NameKr="" Parameter="8"/>
          <Menu NameCN="正向限位输入" NameTC="正向限位輸入" NameEN="Positive limit" NameKr="" Parameter="9"/>
          <Menu NameCN="反向限位输入" NameTC="反向限位輸入" NameEN="Reverse limit" NameKr="" Parameter="10"/>
          <Menu NameCN="零点信号输入" NameTC="零點信號輸入" NameEN="Homing signal" NameKr="" Parameter="11"/>
          <Menu NameCN="启动回零" NameTC="啟動回零" NameEN="Start homing" NameKr="" Parameter="12"/>
          <Menu NameCN="电机运行方向取反" NameTC="電機運行方向取反" NameEN="Reverse motor running direction" NameKr="" Parameter="13"/>
          <Menu NameCN="多段速度控制0" NameTC="多段速度控制0" NameEN="Multi-segment speed ctrl 0" NameKr="" Parameter="14"/>
          <Menu NameCN="多段速度控制1" NameTC="多段速度控制1" NameEN="Multi-segment speed ctrl 1" NameKr="" Parameter="15"/>
          <Menu NameCN="多段速度控制2" NameTC="多段速度控制2" NameEN="Multi-segment speed ctrl 2" NameKr="" Parameter="16"/>
          <Menu NameCN="多段速度控制3" NameTC="多段速度控制3" NameEN="Multi-segment speed ctrl 3" NameKr="" Parameter="17"/>
          <Menu NameCN="多段位置控制0" NameTC="多段位置控制0" NameEN="Multi-segment position ctrl 0" NameKr="" Parameter="18"/>
          <Menu NameCN="多段位置控制1" NameTC="多段位置控制1" NameEN="Multi-segment position ctrl 1" NameKr="" Parameter="19"/>
          <Menu NameCN="多段位置控制2" NameTC="多段位置控制2" NameEN="Multi-segment position ctrl 2" NameKr="" Parameter="20"/>
          <Menu NameCN="多段位置控制3" NameTC="多段位置控制3" NameEN="Multi-segment position ctrl 3" NameKr="" Parameter="21"/>
          <Menu NameCN="USER1" NameTC="USER1" NameEN="USER1" NameKr="" Parameter="22"/>
          <Menu NameCN="USER2" NameTC="USER2" NameEN="USER2" NameKr="" Parameter="23"/>
          <Menu NameCN="USER3" NameTC="USER3" NameEN="USER3" NameKr="" Parameter="24"/>
          <Menu NameCN="USER4" NameTC="USER4" NameEN="USER4" NameKr="" Parameter="25"/>
        </comboxItem>
        <comboxItem comboxID="12" NameCN="OUT1:" NameTC="" NameEN="OUT1:" NameKr="" ModbusAddr="66" bit="4" isEnable="1" isVisible="1">
          <Menu NameCN="普通输出" NameTC="普通輸出" NameEN="Normal output" NameKr="" Parameter="0"/>
          <Menu NameCN="故障报警" NameTC="故障報警" NameEN="Fault alarm" NameKr="" Parameter="1"/>
          <Menu NameCN="抱闸输出" NameTC=" 抱閘輸出" NameEN="Brake output" NameKr="" Parameter="2"/>
          <Menu NameCN="定位完成" NameTC="定位完成" NameEN="Positioning complete" NameKr="" Parameter="3"/>
          <Menu NameCN="速度到达" NameTC="速度到達" NameEN="Speed ​​reached" NameKr="" Parameter="4"/>
          <Menu NameCN="回零完成" NameTC="回零完成" NameEN="Homing completed" NameKr="" Parameter="5"/>
          <Menu NameCN="驱动器准备好" NameTC=" 驅動器準備好" NameEN="Driver ready" NameKr="" Parameter="6"/>
          <Menu NameCN="电机停止" NameTC="電機停止" NameEN="Motor stop" NameKr="" Parameter="7"/>
          <Menu NameCN="正限位输出" NameTC="正限位輸出" NameEN="Positive limit output" NameKr="" Parameter="8"/>
          <Menu NameCN="反限位输出" NameTC="反限位輸出" NameEN="Reverse limit output" NameKr="" Parameter="9"/>
        </comboxItem>
        <comboxItem comboxID="13" NameCN="OUT2:" NameTC="" NameEN="OUT2:" NameKr="" ModbusAddr="67" bit="4" isEnable="0" isVisible="1">
          <Menu NameCN="普通输出" NameTC="普通輸出" NameEN="Normal output" NameKr="" Parameter="0"/>
          <Menu NameCN="故障报警" NameTC="故障報警" NameEN="Fault alarm" NameKr="" Parameter="1"/>
          <Menu NameCN="抱闸输出" NameTC="抱閘輸出" NameEN="Brake output" NameKr="" Parameter="2"/>
          <Menu NameCN="定位完成" NameTC="定位完成" NameEN="Positioning complete" NameKr="" Parameter="3"/>
          <Menu NameCN="速度到达" NameTC="速度到達" NameEN="Speed ​​reached" NameKr="" Parameter="4"/>
          <Menu NameCN="回零完成" NameTC="回零完成" NameEN="Homing completed" NameKr="" Parameter="5"/>
          <Menu NameCN="驱动器准备好" NameTC=" 驅動器準備好" NameEN="Driver ready" NameKr="" Parameter="6"/>
          <Menu NameCN="电机停止" NameTC="電機停止" NameEN="Motor stop" NameKr="" Parameter="7"/>
          <Menu NameCN="正限位输出" NameTC="正限位輸出" NameEN="Positive limit output" NameKr="" Parameter="8"/>
          <Menu NameCN="反限位输出" NameTC="反限位輸出" NameEN="Reverse limit output" NameKr="" Parameter="9"/>
        </comboxItem>
        <comboxItem comboxID="14" NameCN="OUT3:" NameTC="" NameEN="OUT3:" NameKr="" ModbusAddr="102" bit="4" isEnable="0" isVisible="1">
          <Menu NameCN="普通输出" NameTC="普通輸出" NameEN="Normal output" NameKr="" Parameter="0"/>
          <Menu NameCN="故障报警" NameTC="故障報警" NameEN="Fault alarm" NameKr="" Parameter="1"/>
          <Menu NameCN="抱闸输出" NameTC="抱閘輸出" NameEN="Brake output" NameKr="" Parameter="2"/>
          <Menu NameCN="定位完成" NameTC="定位完成" NameEN="Positioning complete" NameKr="" Parameter="3"/>
          <Menu NameCN="速度到达" NameTC="速度到達" NameEN="Speed ​​reached" NameKr="" Parameter="4"/>
          <Menu NameCN="回零完成" NameTC="回零完成" NameEN="Homing completed" NameKr="" Parameter="5"/>
          <Menu NameCN="驱动器准备好" NameTC=" 驅動器準備好" NameEN="Driver ready" NameKr="" Parameter="6"/>
          <Menu NameCN="电机停止" NameTC="電機停止" NameEN="Motor stop" NameKr="" Parameter="7"/>
          <Menu NameCN="正限位输出" NameTC="正限位輸出" NameEN="Positive limit output" NameKr="" Parameter="8"/>
          <Menu NameCN="反限位输出" NameTC="反限位輸出" NameEN="Reverse limit output" NameKr="" Parameter="9"/>
        </comboxItem>
        <comboxItem comboxID="15" NameCN="OUT4:" NameTC="" NameEN="OUT4:" NameKr="" ModbusAddr="103" bit="4" isEnable="0" isVisible="1">
          <Menu NameCN="普通输出" NameTC="普通輸出" NameEN="Normal output" NameKr="" Parameter="0"/>
          <Menu NameCN="故障报警" NameTC="故障報警" NameEN="Fault alarm" NameKr="" Parameter="1"/>
          <Menu NameCN="抱闸输出" NameTC="抱閘輸出" NameEN="Brake output" NameKr="" Parameter="2"/>
          <Menu NameCN="定位完成" NameTC="定位完成" NameEN="Positioning complete" NameKr="" Parameter="3"/>
          <Menu NameCN="速度到达" NameTC="速度到達" NameEN="Speed ​​reached" NameKr="" Parameter="4"/>
          <Menu NameCN="回零完成" NameTC="回零完成" NameEN="Homing completed" NameKr="" Parameter="5"/>
          <Menu NameCN="驱动器准备好" NameTC="驅動器準備好" NameEN="Driver ready" NameKr="" Parameter="6"/>
          <Menu NameCN="电机停止" NameTC="電機停止" NameEN="Motor stop" NameKr="" Parameter="7"/>
          <Menu NameCN="正限位输出" NameTC="正限位輸出" NameEN="Positive limit output" NameKr="" Parameter="8"/>
          <Menu NameCN="反限位输出" NameTC="反限位輸出" NameEN="Reverse limit output" NameKr="" Parameter="9"/>
        </comboxItem>
        <comboxItem comboxID="16" NameCN="OUT5:" NameTC="" NameEN="OUT5:" NameKr="" ModbusAddr="107" bit="4" isEnable="0" isVisible="1">
          <Menu NameCN="普通输出" NameTC="普通輸出" NameEN="Normal output" NameKr="" Parameter="0"/>
          <Menu NameCN="故障报警" NameTC="故障報警" NameEN="Fault alarm" NameKr="" Parameter="1"/>
          <Menu NameCN="抱闸输出" NameTC="抱閘輸出" NameEN="Brake output" NameKr="" Parameter="2"/>
          <Menu NameCN="定位完成" NameTC="定位完成" NameEN="Positioning complete" NameKr="" Parameter="3"/>
          <Menu NameCN="速度到达" NameTC="速度到達" NameEN="Speed ​​reached" NameKr="" Parameter="4"/>
          <Menu NameCN="回零完成" NameTC="回零完成" NameEN="Homing completed" NameKr="" Parameter="5"/>
          <Menu NameCN="驱动器准备好" NameTC="驅動器準備好" NameEN="Driver ready" NameKr="" Parameter="6"/>
          <Menu NameCN="电机停止" NameTC="電機停止" NameEN="Motor stop" NameKr="" Parameter="7"/>
          <Menu NameCN="正限位输出" NameTC="正限位輸出" NameEN="Positive limit output" NameKr="" Parameter="8"/>
          <Menu NameCN="反限位输出" NameTC="反限位輸出" NameEN="Reverse limit output" NameKr="" Parameter="9"/>
        </comboxItem>
        <comboxItem comboxID="17" NameCN="OUT6:" NameTC="" NameEN="OUT6:" NameKr="" ModbusAddr="105" bit="4" isEnable="0" isVisible="1">
          <Menu NameCN="普通输出" NameTC="普通輸出" NameEN="Normal output" NameKr="" Parameter="0"/>
          <Menu NameCN="故障报警" NameTC="故障報警" NameEN="Fault alarm" NameKr="" Parameter="1"/>
          <Menu NameCN="抱闸输出" NameTC="抱閘輸出" NameEN="Brake output" NameKr="" Parameter="2"/>
          <Menu NameCN="定位完成" NameTC="定位完成" NameEN="Positioning complete" NameKr="" Parameter="3"/>
          <Menu NameCN="速度到达" NameTC="速度到達" NameEN="Speed ​​reached" NameKr="" Parameter="4"/>
          <Menu NameCN="回零完成" NameTC="回零完成" NameEN="Homing completed" NameKr="" Parameter="5"/>
          <Menu NameCN="驱动器准备好" NameTC="驅動器準備好" NameEN="Driver ready" NameKr="" Parameter="6"/>
          <Menu NameCN="电机停止" NameTC="電機停止" NameEN="Motor stop" NameKr="" Parameter="7"/>
          <Menu NameCN="正限位输出" NameTC="正限位輸出" NameEN="Positive limit output" NameKr="" Parameter="8"/>
          <Menu NameCN="反限位输出" NameTC="反限位輸出" NameEN="Reverse limit output" NameKr="" Parameter="9"/>
        </comboxItem>
      </ComboBoxItems>
      <TabpageItems>
        <tabpageItem tabPageID="0" NameCN="IO设置" NameTC="IO設置" NameEN="IO settings" NameKr="" isVisible="1"/>
        <tabpageItem tabPageID="1" NameCN="通用参数" NameTC=" 通用參數" NameEN=" General parameters" NameKr="" isVisible="0"/>
        <tabpageItem tabPageID="2" NameCN="伺服模式设定" NameTC="伺服模式設定" NameEN="Servo mode setting" NameKr="" isVisible="0"/>
        <tabpageItem tabPageID="3" NameCN="电流环参数" NameTC="電流環參數" NameEN="Current loop parameters" NameKr="" isVisible="0"/>
        <tabpageItem tabPageID="4" NameCN="回零模式设定" NameTC="回零模式設定" NameEN="Homing mode setting" NameKr="" isVisible="0"/>
        <tabpageItem tabPageID="5" NameCN="无传感器校准" NameTC="無傳感器校準" NameEN="Sensorless calibration" NameKr="" isVisible="0"/>
        <tabpageItem tabPageID="6" NameCN="校准步骤一" NameTC="校準步驟一" NameEN="Calibration step one" NameKr="" isVisible="0"/>
        <tabpageItem tabPageID="7" NameCN="校准步骤二" NameTC="校準步驟二" NameEN="Calibration step two" NameKr="" isVisible="0"/>
        <tabpageItem tabPageID="8" NameCN="校准步骤三" NameTC="校準步驟三" NameEN="Calibration step three" NameKr="" isVisible="0"/>
      </TabpageItems>
      <ButtonItems>
        <buttonItem buttonID="0" NameCN="定长正转" NameTC="定長正轉" NameEN="Go Pos CW" NameKr="" ModbusAddr="18" Parameter="1" isEnable="1" isVisible="1"/>
        <buttonItem buttonID="1" NameCN="定长反转" NameTC="定長反轉" NameEN="Go Pos CCW" NameKr="" ModbusAddr="18" Parameter="2" isEnable="1" isVisible="1"/>
        <buttonItem buttonID="2" NameCN="连续正转" NameTC="連續正轉" NameEN="Jog CW" NameKr="" ModbusAddr="18" Parameter="3" SlowDownParameter="6" isEnable="1" isVisible="1"/>
        <buttonItem buttonID="3" NameCN="连续反转" NameTC="連續反轉" NameEN="Jog CCW" NameKr="" ModbusAddr="18" Parameter="4" isEnable="1" isVisible="1"/>
        <buttonItem buttonID="4" NameCN="启动?停止" NameTC="啟動?停止" NameEN="Start?Stop" NameKr="" ModbusAddr="89" Parameter="1" isEnable="0" isVisible="0"/>
      </ButtonItems>
      <LblItems>
        <labelItem labelID="0" NameCN="极性" NameTC="極性" NameEN="Polarity" NameKr=""/>
        <labelItem labelID="1" NameCN="极性" NameTC="極性" NameEN="Polarity" NameKr=""/>
        <labelItem labelID="2" NameCN="极性" NameTC="極性" NameEN="Polarity" NameKr=""/>
        <labelItem labelID="3" NameCN="极性" NameTC="極性" NameEN="Polarity" NameKr=""/>
      </LblItems>
	    <PicboxItems>
	      <picboxItem picboxID="0" NameCN="常开" NameTC="常開" NameEN="Frequent on" NameKr="" isEnable="1" isVisible="1"/>
        <picboxItem picboxID="1" NameCN="常闭" NameTC="常閉" NameEN="Frequent off" NameKr="" isEnable="1" isVisible="1"/>
       </PicboxItems>
      <MonitorParameter>
        <TableHeader tableID="0" NameCN="地址" NameTC="地址" NameEN="RegisterAddr" NameKr=""/>
        <TableHeader tableID="0" NameCN="功能" NameTC="功能" NameEN="Function" NameKr=""/>
        <TableHeader tableID="0" NameCN="参数" NameTC="參數" NameEN="Parameter" NameKr=""/>
        <TableHeader tableID="1" NameCN="故障状态" NameTC="故障狀態" NameEN=" Fault state" NameKr=""/>
        <TableHeader tableID="1" NameCN="故障代码" NameTC="故障代碼" NameEN=" Fault code" NameKr=""/>
        <TableHeader tableID="1" NameCN="状态指示" NameTC="狀態指示" NameEN="Status indication" NameKr=""/>
        <groupboxItem groupboxID="0" NameCN="实时参数" NameTC="實時參數" NameEN="Real-time parameters" NameKr="" isEnable="1" isVisible="1"/>
        <groupboxItem groupboxID="1" NameCN="故障状态" NameTC="故障狀態" NameEN=" Fault state" NameKr="" isEnable="1" isVisible="1"/>
        <groupboxItem groupboxID="2" NameCN="IO状态" NameTC="IO 狀態" NameEN=" IO status" NameKr="" isEnable="1" isVisible="1"/>
        <buttonItem buttonID="0" NameCN="" NameTC="" NameEN="" NameKr="" ModbusAddr="45" Parameter="1" isEnable="0" isVisible="1"/>
        <dataGridView dataGridViewID="0" NameCN="脉冲指令转速" NameTC="脈衝指令轉速" NameEN="Pulse command speed" NameKr="" ModbusAddr="10" Parameter="0" Remark=""/>
        <dataGridView dataGridViewID="0" NameCN="外部位置指令计数器" NameTC="外部位置指令計數器" NameEN="External position command counter" NameKr="" ModbusAddr="14" Parameter="0" Remark="int32"/>
        <dataGridView dataGridViewID="0" NameCN="内部位置反馈计数器" NameTC="內部位置反饋計數器" NameEN=" Internal position feedback counter" NameKr="" ModbusAddr="8" Parameter="0" Remark="int32"/>
        <dataGridView dataGridViewID="0" NameCN="母线电压" NameTC="母線電壓" NameEN="Bus voltage" NameKr="" ModbusAddr="11" Parameter="0" Remark=""/>
        <dataGridView dataGridViewID="0" NameCN="运行电流" NameTC="運行電流" NameEN="Operating current" NameKr="" ModbusAddr="25" Parameter="0" Remark=""/>
        <dataGridView dataGridViewID="0" NameCN="当前细分" NameTC="當前細分" NameEN="Current segment" NameKr="" ModbusAddr="24" Parameter="0" Remark=""/>
        <dataGridView dataGridViewID="1" NameCN="INV" NameTC="INV" NameEN=" INV" NameKr="" ModbusAddr="0" BitOffset="0" Parameter="0" Remark=""/>
        <dataGridView dataGridViewID="1" NameCN="OC" NameTC="OC" NameEN="OC" NameKr="" ModbusAddr="0" BitOffset="1" Parameter="0" Remark=""/>
        <dataGridView dataGridViewID="1" NameCN="OV" NameTC="OV" NameEN="OV" NameKr="" ModbusAddr="0" BitOffset="2" Parameter="0" Remark=""/>
        <dataGridView dataGridViewID="1" NameCN="UV" NameTC="UV" NameEN="UV" NameKr="" ModbusAddr="0" BitOffset="3" Parameter="0" Remark=""/>
        <dataGridView dataGridViewID="1" NameCN="OT" NameTC="OT" NameEN="OT" NameKr="" ModbusAddr="0" BitOffset="4" Parameter="0" Remark=""/>
      </MonitorParameter>
    </Product>
  </RtDriverConfiguration>