﻿<?xml version="1.0" encoding="UTF-8"?>
<RtDriverConfiguration FormNameCN="锐特调试软件" FormNameTC="銳特調試軟件" FormNameEN="RUITECHCONFIGURATOR" FormNameKr="" xmlns:xsi="http://www.w3.org/2001/XMLSchema-instance" xmlns:xsd="http://www.w3.org/2001/XMLSchema">
  <IOConfiguration INModbusAddr="2" OUTModbusAddr="3" INcount="6" OUTcount="2" />
  <SpecialFunRegister SaveModbusAddr="90" ReSetModbusAddr="91"/>
  <Product ProductName="R60X3" ProductSeries="X3Series" VerModbusAddr="0" language="0" neutral="0">
    <RegisterSummary>
      <Register ModbusAddr="13" FunctionCN="电流1" FunctionTC="电流1" FunctionEN="Current 1" FunctionKr="" ColumnType="Textbox" Parameter="1000" Default="1000" Unit="mA" Minimum="0" Maximum="65535" RWAttribution="RW" Remark="-" />
      <Register ModbusAddr="33" FunctionCN="电流2" FunctionTC="" FunctionEN="Current 2" FunctionKr="" ColumnType="Textbox" Parameter="1000" Default="1000" Unit="mA" Minimum="0" Maximum="65535" RWAttribution="RW" Remark="-" />
      <Register ModbusAddr="53" FunctionCN="电流3" FunctionTC="" FunctionEN="Current 3" FunctionKr="" ColumnType="Textbox" Parameter="1000" Default="1000" Unit="mA" Minimum="0" Maximum="65535" RWAttribution="RW" Remark="-" />
      <Register ModbusAddr="12" FunctionCN="细分1" FunctionTC="" FunctionEN="Subdivision 1" FunctionKr="" ColumnType="Textbox" Parameter="200" Default="200" Unit="Pul/rev" Minimum="0" Maximum="65535" RWAttribution="RW" Remark="-" />
      <Register ModbusAddr="32" FunctionCN="细分2" FunctionTC="" FunctionEN="Subdivision 2" FunctionKr="" ColumnType="Textbox" Parameter="200" Default="200" Unit="Pul/rev" Minimum="0" Maximum="65535" RWAttribution="RW" Remark="-" />
      <Register ModbusAddr="52" FunctionCN="细分3" FunctionTC="" FunctionEN="Subdivision 3" FunctionKr="" ColumnType="Textbox" Parameter="200" Default="200" Unit="Pul/rev" Minimum="0" Maximum="65535" RWAttribution="RW" Remark="-" />
      <Register ModbusAddr="14" FunctionCN="待机时间1" FunctionTC="" FunctionEN="Standby time 1" FunctionKr="" ColumnType="Textbox" Parameter="500" Default="500" Unit="ms" Minimum="0" Maximum="65535" RWAttribution="RW" Remark="-" />
      <Register ModbusAddr="34" FunctionCN="待机时间2" FunctionTC="" FunctionEN="Standby time 2" FunctionKr="" ColumnType="Textbox" Parameter="500" Default="500" Unit="ms" Minimum="0" Maximum="65535" RWAttribution="RW" Remark="-" />
      <Register ModbusAddr="54" FunctionCN="待机时间3" FunctionTC="" FunctionEN="Standby time 3" FunctionKr="" ColumnType="Textbox" Parameter="500" Default="500" Unit="ms" Minimum="0" Maximum="65535" RWAttribution="RW" Remark="-" />
      <Register ModbusAddr="18" FunctionCN="上电锁轴时间1" FunctionTC="" FunctionEN="Power-on lock shaft time 1" FunctionKr="" ColumnType="Textbox" Parameter="1000" Default="1000" Unit="-" Minimum="-3000" Maximum="3000" RWAttribution="RW" Remark="-" />
      <Register ModbusAddr="38" FunctionCN="上电锁轴时间2" FunctionTC="" FunctionEN="Power-on lock shaft time 2" FunctionKr="" ColumnType="Textbox" Parameter="1000" Default="1000" Unit="-" Minimum="0" Maximum="100" RWAttribution="RW" Remark="-" />
      <Register ModbusAddr="58" FunctionCN="上电锁轴时间3" FunctionTC="" FunctionEN="Power-on lock shaft time 3" FunctionKr="" ColumnType="Textbox" Parameter="1000" Default="1000" Unit="-" Minimum="0" Maximum="65535" RWAttribution="RW" Remark="-" />
      <Register ModbusAddr="16" FunctionCN="S曲线时间1" FunctionTC="" FunctionEN="S curve time 1" FunctionKr="" ColumnType="Textbox" Parameter="128" Default="128" Unit="-" Minimum="0" Maximum="65535" RWAttribution="RW" Remark="-" />
      <Register ModbusAddr="36" FunctionCN="S曲线时间2" FunctionTC="" FunctionEN="S curve time 2" FunctionKr="" ColumnType="Textbox" Parameter="128" Default="128" Unit="-" Minimum="0" Maximum="1" RWAttribution="RW" Remark="-" />
      <Register ModbusAddr="56" FunctionCN="S曲线时间3" FunctionTC="" FunctionEN="S curve time 3" FunctionKr="" ColumnType="Textbox" Parameter="128" Default="128" Unit="-" Minimum="0" Maximum="1" RWAttribution="RW" Remark="-" />
      <Register ModbusAddr="17" FunctionCN="脉冲带宽限制1" FunctionTC="" FunctionEN="Pulse bandwidth limit 1" FunctionKr="" ColumnType="Textbox" Parameter="10" Default="10" Unit="-" Minimum="0" Maximum="6" RWAttribution="RW" Remark="-" />
      <Register ModbusAddr="37" FunctionCN="脉冲带宽限制2" FunctionTC="" FunctionEN="Pulse bandwidth limit 2" FunctionKr="" ColumnType="Textbox" Parameter="10" Default="10" Unit="-" Minimum="0" Maximum="3" RWAttribution="RW" Remark="-" />
      <Register ModbusAddr="57" FunctionCN="脉冲带宽限制3" FunctionTC="" FunctionEN="Pulse bandwidth limit 3" FunctionKr="" ColumnType="Textbox" Parameter="10" Default="10" Unit="-" Minimum="0" Maximum="65535" RWAttribution="RW" Remark="-" />
      <Register ModbusAddr="10" Bit="1" FunctionCN="脉冲有效沿1" FunctionTC="" FunctionEN="Pulse valid edge 1" FunctionKr="" ColumnType="Combox" Parameter="0" Default="0" Unit="-" Minimum="0" Maximum="1" RWAttribution="RW" Remark="-">
        <Menu NameCN="上升沿" NameTC="" NameEN="Rising edge" NameKr=""  Parameter="0" />
        <Menu NameCN="下降沿" NameTC="" NameEN="Falling edge" NameKr=""  Parameter="1" />
      </Register>
      <Register ModbusAddr="30" Bit="1" FunctionCN="脉冲有效沿2" FunctionTC="" FunctionEN="Pulse valid edge 2" FunctionKr="" ColumnType="Combox" Parameter="0" Default="0" Unit="-" Minimum="0" Maximum="1" RWAttribution="RW" Remark="-">
        <Menu NameCN="上升沿" NameTC="" NameEN="Rising edge" NameKr=""  Parameter="0" />
        <Menu NameCN="下降沿" NameTC="" NameEN="Falling edge" NameKr=""  Parameter="1" />
      </Register>
      <Register ModbusAddr="50" Bit="1" FunctionCN="脉冲有效沿3" FunctionTC="" FunctionEN="Pulse valid edge 3" FunctionKr="" ColumnType="Combox" Parameter="0" Default="0" Unit="-" Minimum="0" Maximum="1" RWAttribution="RW" Remark="-">
        <Menu NameCN="上升沿" NameTC="" NameEN="Rising edge" NameKr=""  Parameter="0" />
        <Menu NameCN="下降沿" NameTC="" NameEN="Falling edge" NameKr=""  Parameter="1" />
      </Register>
      <Register ModbusAddr="10" Bit="3" FunctionCN="ENA电平1" FunctionTC="" FunctionEN="ENA level 1" FunctionKr="" ColumnType="Combox" Parameter="0" Default="1" Unit="-" Minimum="0" Maximum="1" RWAttribution="RW" Remark="-">
        <Menu NameCN="低电平" NameTC="" NameEN="Low level" NameKr=""  Parameter="0" />
        <Menu NameCN="高电平" NameTC="" NameEN="High level" NameKr=""  Parameter="1" />
      </Register>
      <Register ModbusAddr="30" Bit="3" FunctionCN="ENA电平2" FunctionTC="" FunctionEN="ENA level 2" FunctionKr="" ColumnType="Combox" Parameter="0" Default="1" Unit="-" Minimum="0" Maximum="1" RWAttribution="RW" Remark="-">
        <Menu NameCN="低电平" NameTC="" NameEN="Low level" NameKr=""  Parameter="0" />
        <Menu NameCN="高电平" NameTC="" NameEN="High level" NameKr=""  Parameter="1" />
      </Register>
      <Register ModbusAddr="50" Bit="3" FunctionCN="ENA电平3" FunctionTC="" FunctionEN="ENA level 3" FunctionKr="" ColumnType="Combox" Parameter="0" Default="1" Unit="-" Minimum="0" Maximum="1" RWAttribution="RW" Remark="-">
        <Menu NameCN="低电平" NameTC="" NameEN="Low level" NameKr=""  Parameter="0" />
        <Menu NameCN="高电平" NameTC="" NameEN="High level" NameKr=""  Parameter="1" />
      </Register>
      <Register ModbusAddr="10" Bit="4" BitsCnt="2" FunctionCN="ENA电机状态1" FunctionTC="" FunctionEN="ENA State of the motor 1" FunctionKr="" ColumnType="Combox" Parameter="1" Default="1" Unit="-" Minimum="0" Maximum="2" RWAttribution="RW" Remark="-">
        <Menu NameCN="脉冲静止" NameTC="" NameEN="Pulse static" NameKr=""  Parameter="0" />
        <Menu NameCN="电机释放" NameTC="" NameEN="Motor release" NameKr=""  Parameter="1" />
        <Menu NameCN="忽略" NameTC="" NameEN="ignore" NameKr=""  Parameter="2" />
      </Register>
      <Register ModbusAddr="30" Bit="4" BitsCnt="2" FunctionCN="ENA电机状态2" FunctionTC="" FunctionEN="ENA State of the motor 2" FunctionKr="" ColumnType="Combox" Parameter="1" Default="1" Unit="-" Minimum="0" Maximum="2" RWAttribution="RW" Remark="-">
        <Menu NameCN="脉冲静止" NameTC="" NameEN="Pulse static" NameKr="" Parameter="0" />
        <Menu NameCN="电机释放" NameTC="" NameEN="Motor release" NameKr=""  Parameter="1" />
        <Menu NameCN="忽略" NameTC="" NameEN="ignore" NameKr=""  Parameter="2" />
      </Register>
      <Register ModbusAddr="50" Bit="4" BitsCnt="2" FunctionCN="ENA电机状态3" FunctionTC="" FunctionEN="ENA State of the motor 3" FunctionKr="" ColumnType="Combox" Parameter="1" Default="1" Unit="-" Minimum="0" Maximum="2" RWAttribution="RW" Remark="-">
        <Menu NameCN="脉冲静止" NameTC="" NameEN="Pulse static" NameKr=""  Parameter="0" />
        <Menu NameCN="电机释放" NameTC="" NameEN="Motor release" NameKr=""  Parameter="1" />
        <Menu NameCN="忽略" NameTC="" NameEN="ignore" NameKr=""  Parameter="2" />
      </Register>
      <Register ModbusAddr="2" FunctionCN="给定脉冲计数器1" FunctionTC="" FunctionEN="Given pulse counter 1" FunctionKr="" ColumnType="Textbox" Parameter="0" Default="0" Unit="-" Minimum="-4294967296" Maximum="4294967295" RWAttribution="R" Remark="int32" />
      <Register ModbusAddr="4" FunctionCN="给定脉冲计数器2" FunctionTC="" FunctionEN="Given pulse counter 2" FunctionKr="" ColumnType="Textbox" Parameter="0" Default="0" Unit="-" Minimum="-4294967296" Maximum="4294967295" RWAttribution="R" Remark="int32" />
      <Register ModbusAddr="6" FunctionCN="给定脉冲计数器3" FunctionTC="" FunctionEN="Given pulse counter 3" FunctionKr="" ColumnType="Textbox" Parameter="0" Default="0" Unit="-" Minimum="-4294967296" Maximum="4294967295" RWAttribution="R" Remark="int32" />
      <Register ModbusAddr="1" FunctionCN="母线电压" FunctionTC="" FunctionEN="Bus voltage" FunctionKr="" ColumnType="Textbox" Parameter="0" Default="0" Unit="-" Minimum="0" Maximum="10000" RWAttribution="R" Remark="-" />
      <Register ModbusAddr="19" FunctionCN="AutoPI1" FunctionTC="" FunctionEN="AutoPI1" FunctionKr="" ColumnType="Textbox" Parameter="0" Default="0" Unit="-" Minimum="0" Maximum="1" RWAttribution="RW" Remark="-" />
      <Register ModbusAddr="39" FunctionCN="AutoPI2" FunctionTC="" FunctionEN="AutoPI2" FunctionKr="" ColumnType="Textbox" Parameter="0" Default="0" Unit="-" Minimum="0" Maximum="1" RWAttribution="RW" Remark="-" />
      <Register ModbusAddr="59" FunctionCN="AutoPI3" FunctionTC="" FunctionEN="AutoPI3" FunctionKr="" ColumnType="Textbox" Parameter="0" Default="0" Unit="-" Minimum="0" Maximum="1" RWAttribution="RW" Remark="-" />
      <Register ModbusAddr="22" FunctionCN="电流环Kp1" FunctionTC="" FunctionEN="Current loop KP1" FunctionKr="" ColumnType="Textbox" Parameter="1000" Default="1000" Unit="-" Minimum="0" Maximum="65535" RWAttribution="RW" Remark="-" />
      <Register ModbusAddr="42" FunctionCN="电流环Kp2" FunctionTC="" FunctionEN="Current loop KP2" FunctionKr="" ColumnType="Textbox" Parameter="1000" Default="1000" Unit="-" Minimum="0" Maximum="65535" RWAttribution="RW" Remark="-" />
      <Register ModbusAddr="62" FunctionCN="电流环Kp3" FunctionTC="" FunctionEN="Current loop KP3" FunctionKr="" ColumnType="Textbox" Parameter="1000" Default="1000" Unit="-" Minimum="0" Maximum="65535" RWAttribution="RW" Remark="-" />
      <Register ModbusAddr="23" FunctionCN="电流环Ki1" FunctionTC="" FunctionEN="Current loop Ki1" FunctionKr="" ColumnType="Textbox" Parameter="100" Default="100" Unit="-" Minimum="0" Maximum="65535" RWAttribution="RW" Remark="-" />
      <Register ModbusAddr="43" FunctionCN="电流环Ki2" FunctionTC="" FunctionEN="Current loop Ki2" FunctionKr="" ColumnType="Textbox" Parameter="100" Default="100" Unit="-" Minimum="0" Maximum="65535" RWAttribution="RW" Remark="-" />
      <Register ModbusAddr="63" FunctionCN="电流环Ki3" FunctionTC="" FunctionEN="Current loop Ki3" FunctionKr="" ColumnType="Textbox" Parameter="100" Default="100" Unit="-" Minimum="0" Maximum="65535" RWAttribution="RW" Remark="-" />
      <Register ModbusAddr="24" FunctionCN="电流环Kc1" FunctionTC="" FunctionEN="Current loop Kc1" FunctionKr="" ColumnType="Textbox" Parameter="256" Default="256" Unit="-" Minimum="0" Maximum="65535" RWAttribution="RW" Remark="-" />
      <Register ModbusAddr="44" FunctionCN="电流环Kc2" FunctionTC="" FunctionEN="Current loop Kc2" FunctionKr="" ColumnType="Textbox" Parameter="256" Default="256" Unit="-" Minimum="0" Maximum="65535" RWAttribution="RW" Remark="-" />
      <Register ModbusAddr="64" FunctionCN="电流环Kc3" FunctionTC="" FunctionEN="Current loop Kc3" FunctionKr="" ColumnType="Textbox" Parameter="256" Default="256" Unit="-" Minimum="0" Maximum="65535" RWAttribution="RW" Remark="-" />
      <Register ModbusAddr="20" FunctionCN="自识别电阻1" FunctionTC="" FunctionEN="Auto Resistance 1" FunctionKr="" ColumnType="Textbox" Parameter="1000" Default="1000" Unit="mOhm" Minimum="1" Maximum="65535" RWAttribution="R" Remark="-" />
      <Register ModbusAddr="40" FunctionCN="自识别电阻2" FunctionTC="" FunctionEN="Auto Resistance 2" FunctionKr="" ColumnType="Textbox" Parameter="1000" Default="1000" Unit="mOhm" Minimum="0" Maximum="5000" RWAttribution="R" Remark="-" />
      <Register ModbusAddr="60" FunctionCN="自识别电阻3" FunctionTC="" FunctionEN="Auto Resistance 3" FunctionKr="" ColumnType="Textbox" Parameter="1000" Default="1000" Unit="mOhm" Minimum="0" Maximum="5000" RWAttribution="R" Remark="-" />
      <Register ModbusAddr="21" FunctionCN="自识别电感1" FunctionTC="" FunctionEN="Auto inductance 1" FunctionKr="" ColumnType="Textbox" Parameter="1000" Default="1000" Unit="mH" Minimum="0" Maximum="5000" RWAttribution="R" Remark="-" />
      <Register ModbusAddr="41" FunctionCN="自识别电感2" FunctionTC="" FunctionEN="Auto inductance 2" FunctionKr="" ColumnType="Textbox" Parameter="1000" Default="1000" Unit="mH" Minimum="10" Maximum="5000" RWAttribution="R" Remark="-" />
      <Register ModbusAddr="61" FunctionCN="自识别电感3" FunctionTC="" FunctionEN="Auto inductance 3" FunctionKr="" ColumnType="Textbox" Parameter="1000" Default="1000" Unit="mH" Minimum="10" Maximum="5000" RWAttribution="R" Remark="-" />
      <Register ModbusAddr="25" FunctionCN="用户设定电阻1" FunctionTC="" FunctionEN="User set resistance 1" FunctionKr="" ColumnType="Textbox" Parameter="1000" Default="1000" Unit="-" Minimum="0" Maximum="65535" RWAttribution="RW" Remark="-" />
      <Register ModbusAddr="45" FunctionCN="用户设定电阻2" FunctionTC="" FunctionEN="User set resistance 2" FunctionKr="" ColumnType="Textbox" Parameter="1000" Default="1000" Unit="-" Minimum="0" Maximum="65535" RWAttribution="RW" Remark="-" />
      <Register ModbusAddr="65" FunctionCN="用户设定电阻3" FunctionTC="" FunctionEN="User set resistance 3" FunctionKr="" ColumnType="Textbox" Parameter="1000" Default="1000" Unit="-" Minimum="0" Maximum="65535" RWAttribution="RW" Remark="-" />
      <Register ModbusAddr="26" FunctionCN="用户设定电感1" FunctionTC="" FunctionEN="User set inductance 1" FunctionKr="" ColumnType="Textbox" Parameter="1" Default="1" Unit="-" Minimum="0" Maximum="65535" RWAttribution="RW" Remark="-" />
      <Register ModbusAddr="46" FunctionCN="用户设定电感2" FunctionTC="" FunctionEN="User set inductance 2" FunctionKr="" ColumnType="Textbox" Parameter="1" Default="1" Unit="-" Minimum="0" Maximum="65535" RWAttribution="RW" Remark="-" />
      <Register ModbusAddr="66" FunctionCN="用户设定电感3" FunctionTC="" FunctionEN="User set inductance 3" FunctionKr="" ColumnType="Textbox" Parameter="1" Default="1" Unit="-" Minimum="0" Maximum="65535" RWAttribution="RW" Remark="-" />
    </RegisterSummary>
    <ToolStripMenuItems>
      <toolStripMenuItem toolStripMenuItemID="0" NameCN="通讯设置" NameTC="通訊設置" NameEN="Communication Setting" NameKr="" isEnable="1" isVisible="1"/>
      <toolStripMenuItem toolStripMenuItemID="1" NameCN="设备管理" NameTC="設備管理" NameEN="File Management" NameKr="" isEnable="1" isVisible="1"/>
      <toolStripMenuItem toolStripMenuItemID="2" NameCN="参数比较" NameTC="參數比較" NameEN="Parameter Comparison" NameKr="" isEnable="1" isVisible="1"/>
      <toolStripMenuItem toolStripMenuItemID="3" NameCN="添加xml文件" NameTC="添加xml文件" NameEN="Add xml File" NameKr="" isEnable="1" isVisible="1"/>
      <toolStripMenuItem toolStripMenuItemID="4" NameCN="常用功能" NameTC="常用功能" NameEN="MotionControl" NameKr="" isEnable="1" isVisible="1"/>
      <toolStripMenuItem toolStripMenuItemID="5" NameCN="运动测试" NameTC="運動測試" NameEN="MotionTest" NameKr="" isEnable="0" isVisible="0"/>
      <toolStripMenuItem toolStripMenuItemID="6" NameCN="示波器" NameTC="" NameEN="" NameKr="" isEnable="0" isVisible="0"/>
      <toolStripMenuItem toolStripMenuItemID="7" NameCN="实时状态" NameTC="運動測試" NameEN="MotionTest" NameKr="" isEnable="0" isVisible="0"/>
      <toolStripMenuItem toolStripMenuItemID="8" NameCN="运动轨迹计算器" NameTC="示波器" NameEN="Trajectory calculator" NameKr="" isEnable="1" isVisible="1"/>
      <toolStripMenuItem toolStripMenuItemID="9" NameCN="语言(Language)" NameTC="語言(Language)" NameEN="语言(Language)" NameKr="语言(Language)" isEnable="1" isVisible="1"/>
      <toolStripMenuItem toolStripMenuItemID="10" NameCN="简体中文" NameTC="簡體中文" NameEN="简体中文" NameKr="简体中文" isEnable="1" isVisible="1"/>
      <toolStripMenuItem toolStripMenuItemID="11" NameCN="繁體中文" NameTC="繁體中文" NameEN="繁體中文" NameKr="繁體中文" isEnable="1" isVisible="1"/>
      <toolStripMenuItem toolStripMenuItemID="12" NameCN="English" NameTC="English" NameEN="English" NameKr="English" isEnable="1" isVisible="1"/>
      <toolStripMenuItem toolStripMenuItemID="13" NameCN="한국어" NameTC="한국어" NameEN="한국어" NameKr="한국어" isEnable="1" isVisible="1"/>
      <toolStripMenuItem toolStripMenuItemID="14" NameCN="关于" NameTC="關於" NameEN="About" NameKr="" isEnable="1" isVisible="1"/>
      <toolStripMenuItem toolStripMenuItemID="15" NameCN="软件更新" NameTC="" NameEN="Software update" NameKr="" isEnable="1" isVisible="1"/>
      <toolStripMenuItem toolStripMenuItemID="16" NameCN="固件更新" NameTC="" NameEN="Firmware update" NameKr="" isEnable="1" isVisible="1"/>
      <toolStripMenuItem toolStripMenuItemID="17" NameCN="管理员入口" NameTC="" NameEN="Administrator" NameKr="" isEnable="1" isVisible="1"/>
      <toolStripMenuItem toolStripMenuItemID="18" NameCN="联系我们" NameTC="" NameEN="Connect us" NameKr="" isEnable="1" isVisible="1"/>
    </ToolStripMenuItems>
    <InterfaceLanguage>
      <SetParameterCtrlItem labelID="0" NameCN="设备名称" NameTC="" NameEN="DeviceName" NameKr=""/>
      <SetParameterCtrlItem labelID="1" NameCN="版本号" NameTC="" NameEN="Version" NameKr=""/>
      <SetParameterCtrlItem labelID="2" NameCN="设备地址" NameTC="" NameEN="DeviceAddr" NameKr=""/>
      <SetParameterCtrlItem labelID="3" NameCN="快捷搜索" NameTC="" NameEN="Search" NameKr=""/>
      <SetParameterCtrlItem labelID="4" NameCN="十进制:" NameTC="" NameEN="Decimal" NameKr=""/>
      <SetParameterCtrlItem labelID="5" NameCN="十六进制:" NameTC="" NameEN="Hex" NameKr=""/>
      <SetParameterCtrlItem tableHeaderID="0" NameCN="寄存器地址" NameTC="" NameEN="RegisterAddr" NameKr=""/>
      <SetParameterCtrlItem tableHeaderID="1" NameCN="功能说明" NameTC="" NameEN="Function" NameKr=""/>
      <SetParameterCtrlItem tableHeaderID="2" NameCN="参数值" NameTC="" NameEN="Parameter" NameKr=""/>
      <SetParameterCtrlItem tableHeaderID="3" NameCN="默认值" NameTC="" NameEN="Default" NameKr=""/>
      <SetParameterCtrlItem tableHeaderID="4" NameCN="单位" NameTC="" NameEN="Unit" NameKr=""/>
      <SetParameterCtrlItem tableHeaderID="5" NameCN="最小值" NameTC="" NameEN="MinValue" NameKr=""/>
      <SetParameterCtrlItem tableHeaderID="6" NameCN="最大值" NameTC="" NameEN="MaxValue" NameKr=""/>
      <SetParameterCtrlItem tableHeaderID="7" NameCN="属性" NameTC="" NameEN="RWAttribution" NameKr=""/>
      <SetParameterCtrlItem tableHeaderID="8" NameCN="备注" NameTC="" NameEN="Remark" NameKr=""/>
      <MotionCtrlItem tableHeaderID="0" NameCN="寄存器地址" NameTC="" NameEN="RegisterAddr" NameKr=""/>
      <MotionCtrlItem tableHeaderID="1" NameCN="功能说明" NameTC="" NameEN="Function" NameKr=""/>
      <MotionCtrlItem tableHeaderID="2" NameCN="参数值" NameTC="" NameEN="Parameter" NameKr=""/>
      <MotionCtrlItem tableHeaderID="3" NameCN="故障状态" NameTC="" NameEN="Parameter2" NameKr=""/>
      <MotionCtrlItem tableHeaderID="4" NameCN="故障代码" NameTC="" NameEN="Default" NameKr=""/>
      <MotionCtrlItem tableHeaderID="5" NameCN="状态指示" NameTC="" NameEN="Unit" NameKr=""/>
      <CalcCtrlItem labelID="0" NameCN="速度" NameTC="" NameEN="Speed" NameKr=""/>
      <CalcCtrlItem labelID="1" NameCN="加速度" NameTC="" NameEN="Acc" NameKr=""/>
      <CalcCtrlItem labelID="2" NameCN="减速度" NameTC="" NameEN="dec" NameKr=""/>
      <CalcCtrlItem labelID="3" NameCN="脉冲数/转" NameTC="" NameEN="pulse/rev" NameKr=""/>
      <CalcCtrlItem labelID="4" NameCN="行程" NameTC="" NameEN="Distance" NameKr=""/>
      <CalcCtrlItem labelID="5" NameCN="加速距离" NameTC="" NameEN="Acc distance" NameKr=""/>
      <CalcCtrlItem labelID="6" NameCN="减速距离" NameTC="" NameEN="Dec distance" NameKr=""/>
      <CalcCtrlItem labelID="7" NameCN="峰值速度" NameTC="" NameEN="Max speed" NameKr=""/>
      <CalcCtrlItem labelID="8" NameCN="加速时间(s)" NameTC="" NameEN=" Acc time(s)" NameKr=""/>
      <CalcCtrlItem labelID="9" NameCN="减速时间(s)" NameTC="" NameEN=" Dec time(s)" NameKr=""/>
      <CalcCtrlItem labelID="10" NameCN="总时间(s)" NameTC="" NameEN="Total time(s)" NameKr=""/>
      <CalcCtrlItem buttonID="0" NameCN="更新轨迹计算器" NameTC="" NameEN="Update Chart" NameKr=""/>
      <CommunicationCtrlItem labelID="0" NameCN="串口:" NameTC="" NameEN="Serial" NameKr=""/>
      <CommunicationCtrlItem labelID="1" NameCN="波特率:" NameTC="" NameEN="Baud rate" NameKr=""/>
      <CommunicationCtrlItem labelID="2" NameCN="数据位:" NameTC="" NameEN="Data bit" NameKr=""/>
      <CommunicationCtrlItem labelID="3" NameCN="停止位:" NameTC="" NameEN="Stop bit" NameKr=""/>
      <CommunicationCtrlItem labelID="4" NameCN="通讯超时(ms):" NameTC="" NameEN="Communication timeout (ms)" NameKr=""/>
      <CommunicationCtrlItem labelID="5" NameCN="校验位:" NameTC="" NameEN="Check bit" NameKr=""/>
      <CommunicationCtrlItem labelID="6" NameCN="搜索" NameTC="" NameEN="Search" NameKr=""/>
      <CommunicationCtrlItem comboxID="0" NameCN="38400" NameTC="38400" NameEN="38400" NameKr="38400" isEnable="0"/>
      <CommunicationCtrlItem buttonID="0" NameCN="打开串口?关闭串口" NameTC="" NameEN="Open the serial port? Close the serial port" NameKr=""/>
      <CommunicationCtrlItem buttonID="1" NameCN="搜索" NameTC="" NameEN="Search serial port" NameKr=""/>
      <CommunicationCtrlItem buttonID="2" NameCN="连接?关闭" NameTC="" NameEN="Connection? Close" NameKr=""/>
      <CommunicationCtrlItem tabpageID="0" NameCN="ModbusRTU" NameTC="ModbusRTU" NameEN="ModbusRTU" NameKr="ModbusRTU" isVisible="1"/>
      <CommunicationCtrlItem tabpageID="1" NameCN="ModbusTCP" NameTC="ModbusTCP" NameEN="ModbusTCP" NameKr="ModbusTCP" isVisible="0"/>
      <CompareFileCtrlItem labelID="0" NameCN="差异总数" NameTC="" NameEN="Total difference" NameKr=""/>
      <CompareFileCtrlItem labelID="1" NameCN="当前差异参数" NameTC="" NameEN="Current difference parameter" NameKr=""/>
      <CompareFileCtrlItem buttonID="0" NameCN="上一个差异" NameTC="" NameEN="Previous difference" NameKr=""/>
      <CompareFileCtrlItem buttonID="1" NameCN="下一个差异" NameTC="" NameEN="Next difference" NameKr=""/>
      <CompareFileCtrlItem checkbxID="0" NameCN="当前驱动器参数" NameTC="" NameEN="Current drive parameters" NameKr=""/>
      <CompareFileCtrlItem tableHeaderID="0" NameCN="寄存器地址" NameTC="" NameEN="RegisterAddr" NameKr=""/>
      <CompareFileCtrlItem tableHeaderID="1" NameCN="功能说明" NameTC="" NameEN="Function" NameKr=""/>
      <CompareFileCtrlItem tableHeaderID="2" NameCN="参数值一" NameTC="" NameEN="Parameter1" NameKr=""/>
      <CompareFileCtrlItem tableHeaderID="3" NameCN="参数值二" NameTC="" NameEN="Parameter2" NameKr=""/>
      <CompareFileCtrlItem tableHeaderID="4" NameCN="默认值" NameTC="" NameEN="Default" NameKr=""/>
      <CompareFileCtrlItem tableHeaderID="5" NameCN="单位" NameTC="" NameEN="Unit" NameKr=""/>
      <CompareFileCtrlItem tableHeaderID="6" NameCN="最小值" NameTC="" NameEN="MinValue" NameKr=""/>
      <CompareFileCtrlItem tableHeaderID="7" NameCN="最大值" NameTC="" NameEN="MaxValue" NameKr=""/>
    </InterfaceLanguage>
  </Product>
</RtDriverConfiguration>