﻿<?xml version="1.0" encoding="utf-8"?>
<RtDriverConfiguration FormNameCN="锐特调试软件" FormNameTC="銳特調試軟件" FormNameEN="RUITECHCONFIGURATOR" FormNameKr=""  xmlns:xsi="http://www.w3.org/2001/XMLSchema-instance" xmlns:xsd="http://www.w3.org/2001/XMLSchema">
  <IOConfiguration INModbusAddr="3" OUIModbusAddr="4" INcount="0" OUTcount="0"/>
  <SpecialFunRegister SaveModbusAddr="90" ReSetModbusAddr="91"/>
  <Product ProductName="RSeries" ProductSeries="RSeries" VerModbusAddr="1" language="0" neutral="0">
    <ToolStripMenuItems>
      <toolStripMenuItem toolStripMenuItemID="0" NameCN="通讯设置" NameTC="通訊設置" NameEN="Communication Setting" NameKr="" isEnable="1" isVisible="1"/>
	    <toolStripMenuItem toolStripMenuItemID="1" NameCN="设备管理" NameTC="設備管理" NameEN="Device Management" NameKr="" isEnable="1" isVisible="1"/>
	    <toolStripMenuItem toolStripMenuItemID="2" NameCN="参数比较" NameTC="參數比較" NameEN="Parameter Comparison" NameKr="" isEnable="0" isVisible="0"/>
	    <toolStripMenuItem toolStripMenuItemID="3" NameCN="添加xml文件" NameTC="添加xml文件" NameEN="Add xml File" NameKr="" isEnable="1" isVisible="1"/>
	    <toolStripMenuItem toolStripMenuItemID="4" NameCN="常用功能" NameTC="常用功能" NameEN="Common Functions" NameKr="" isEnable="1" isVisible="1"/>
	    <toolStripMenuItem toolStripMenuItemID="5" NameCN="运动测试" NameTC="運動測試" NameEN="MotionTest" NameKr="" isEnable="0" isVisible="0"/>
	    <toolStripMenuItem toolStripMenuItemID="6" NameCN="示波器" NameTC="示波器" NameEN="Trajectory calculator" NameKr="" isEnable="1" isVisible="1"/>
      <toolStripMenuItem toolStripMenuItemID="7" NameCN="实时状态" NameTC="實時狀態" NameEN="Real-time status" NameKr="" isEnable="1" isVisible="1"/>
	    <toolStripMenuItem toolStripMenuItemID="8" NameCN="运动轨迹计算器" NameTC="運動軌跡計算器" NameEN="Trajectory calculator" NameKr="" isEnable="1" isVisible="1"/>
	    <toolStripMenuItem toolStripMenuItemID="9" NameCN="语言(Language)" NameTC="語言(Language)" NameEN="语言(Language)" NameKr="语言(Language)" isEnable="1" isVisible="1"/>
	    <toolStripMenuItem toolStripMenuItemID="10" NameCN="简体中文" NameTC="簡體中文" NameEN="简体中文" NameKr="简体中文" isEnable="1" isVisible="1"/>
	    <toolStripMenuItem toolStripMenuItemID="11" NameCN="繁體中文" NameTC="繁體中文" NameEN="繁體中文" NameKr="繁體中文" isEnable="1" isVisible="1"/>
	    <toolStripMenuItem toolStripMenuItemID="12" NameCN="English" NameTC="English" NameEN="English" NameKr="English" isEnable="1" isVisible="1"/>
	    <toolStripMenuItem toolStripMenuItemID="13" NameCN="한국어" NameTC="한국어" NameEN="한국어" NameKr="한국어" isEnable="1" isVisible="1"/>
	    <toolStripMenuItem toolStripMenuItemID="14" NameCN="关于" NameTC="關於" NameEN="About" NameKr="" isEnable="1" isVisible="1"/>
	    <toolStripMenuItem toolStripMenuItemID="15" NameCN="软件更新" NameTC="軟件更新" NameEN="Software update" NameKr="" isEnable="1" isVisible="1"/>
	    <toolStripMenuItem toolStripMenuItemID="16" NameCN="固件更新" NameTC="固件更新" NameEN="Firmware update" NameKr="" isEnable="1" isVisible="1"/>
	    <toolStripMenuItem toolStripMenuItemID="17" NameCN="管理员入口" NameTC="管理員入口" NameEN="Administrator" NameKr="" isEnable="1" isVisible="1"/>
	    <toolStripMenuItem toolStripMenuItemID="18" NameCN="联系我们" NameTC="聯繫我們" NameEN="Contact us" NameKr="" isEnable="1" isVisible="1"/>
    </ToolStripMenuItems>
    <InterfaceLanguage>
      <SetParameterCtrlItem labelID="0" NameCN="设备名称" NameTC="設備名稱" NameEN="DeviceName" NameKr=""/>
      <SetParameterCtrlItem labelID="1" NameCN="版本号" NameTC="版本號" NameEN="Version" NameKr=""/>
      <SetParameterCtrlItem labelID="2" NameCN="设备地址" NameTC="設備地址" NameEN="DeviceAddr" NameKr=""/>
      <SetParameterCtrlItem labelID="3" NameCN="快捷搜索" NameTC="快捷搜索" NameEN="Search" NameKr=""/>
      <SetParameterCtrlItem labelID="4" NameCN="十进制:" NameTC="十進位:" NameEN="Decimal" NameKr=""/>
      <SetParameterCtrlItem labelID="5" NameCN="十六进制:" NameTC="十六進制:" NameEN="Hex" NameKr=""/>
      <SetParameterCtrlItem tableHeaderID="0" NameCN="寄存器地址" NameTC="寄存器地址" NameEN="RegisterAddr" NameKr=""/>
      <SetParameterCtrlItem tableHeaderID="1" NameCN="功能说明" NameTC="功能說明" NameEN="Function" NameKr=""/>
      <SetParameterCtrlItem tableHeaderID="2" NameCN="参数值" NameTC="參數值" NameEN="Parameter" NameKr=""/>
      <SetParameterCtrlItem tableHeaderID="3" NameCN="默认值" NameTC="默認值" NameEN="Default" NameKr=""/>
      <SetParameterCtrlItem tableHeaderID="4" NameCN="单位" NameTC="單位" NameEN="Unit" NameKr=""/>
      <SetParameterCtrlItem tableHeaderID="5" NameCN="最小值" NameTC="最小值" NameEN="MinValue" NameKr=""/>
      <SetParameterCtrlItem tableHeaderID="6" NameCN="最大值" NameTC="最大值" NameEN="MaxValue" NameKr=""/>
      <SetParameterCtrlItem tableHeaderID="7" NameCN="属性" NameTC="屬性" NameEN="RWAttribution" NameKr=""/>
      <SetParameterCtrlItem tableHeaderID="8" NameCN="备注" NameTC="備註" NameEN="Remark" NameKr=""/>
      
      <CommunicationCtrlItem labelID="0" NameCN="串口:" NameTC="串口:" NameEN="Serial" NameKr=""/>
      <CommunicationCtrlItem labelID="1" NameCN="波特率:" NameTC="" NameEN="Baud rate" NameKr=""/>
	    <CommunicationCtrlItem labelID="2" NameCN="数据位:" NameTC="數據位: " NameEN="Data bit" NameKr=""/>
	    <CommunicationCtrlItem labelID="3" NameCN="停止位:" NameTC="停止位:" NameEN="Stop bit" NameKr=""/>
      <CommunicationCtrlItem labelID="4" NameCN="通讯超时(ms):" NameTC="通訊超時(ms):" NameEN="Communication timeout (ms)" NameKr=""/>
      <CommunicationCtrlItem labelID="5" NameCN="校验位:" NameTC="校驗位:" NameEN="Check bit" NameKr=""/>
	    <CommunicationCtrlItem labelID="6" NameCN="搜索" NameTC="搜索" NameEN="Search" NameKr=""/>
		<CommunicationCtrlItem comboxID="0" NameCN="38400" NameTC="38400" NameEN="38400" NameKr="38400" isEnable="0"/>
      <CommunicationCtrlItem buttonID="0" NameCN="打开串口?关闭串口" NameTC="打開串口?關閉串口" NameEN="Open serial port?Close serial port" NameKr=""/>
      <CommunicationCtrlItem buttonID="1" NameCN="搜索" NameTC="搜索" NameEN="Search serial port" NameKr=""/>
      <CommunicationCtrlItem buttonID="2" NameCN="连接?关闭" NameTC="連接?關閉?" NameEN="Connection? Close" NameKr=""/>
	  <CommunicationCtrlItem tabpageID="0" NameCN="ModbusRTU" NameTC="ModbusRTU" NameEN="ModbusRTU" NameKr="ModbusRTU" isVisible="1"/>
		<CommunicationCtrlItem tabpageID="1" NameCN="ModbusTCP" NameTC="ModbusTCP" NameEN="ModbusTCP" NameKr="ModbusTCP" isVisible="0"/>
    </InterfaceLanguage>
    <TabpageItems>
		  <tabpageItem tabPageID="0" NameCN="IO设置" NameTC="IO設置" NameEN="IO setting" NameKr="" isVisible="1"/>
		  <tabpageItem tabPageID="1" NameCN="通用参数" NameTC="通用參數" NameEN="General parameters" NameKr="" isVisible="1"/>
		  <tabpageItem tabPageID="2" NameCN="伺服模式选择" NameTC="伺服模式選擇" NameEN="Servo mode selection" NameKr="" isVisible="0"/>
	  </TabpageItems>
	  <ButtonItems>
		  <buttonItem buttonID="0" NameCN="启动?停止" NameTC=" 啟動?停止?" NameEN="Start?Stop" NameKr="" ModbusAddr="80" Parameter="1" isEnable="0" isVisible="0"/>
		  <buttonItem buttonID="1" NameCN="定长正转" NameTC="定長正轉" NameEN="Go Pos CW" NameKr="" ModbusAddr="76" Parameter="1" isEnable="1" isVisible="1"/>
		  <buttonItem buttonID="2" NameCN="定长反转" NameTC="定長反轉 " NameEN="Go Pos CCW" NameKr="" ModbusAddr="76" Parameter="2" isEnable="1" isVisible="1"/>
		  <buttonItem buttonID="3" NameCN="连续正转" NameTC="連續正轉" NameEN="Jog CW" NameKr="" ModbusAddr="76" Parameter="3" SlowDownParameter="0" isEnable="1" isVisible="1"/>
		  <buttonItem buttonID="4" NameCN="连续反转" NameTC="連續反轉" NameEN="Jog CCW" NameKr="" ModbusAddr="76" Parameter="4" isEnable="1" isVisible="1"/>
	  </ButtonItems>
	  <TextboxItems>
		  <textboxItem textboxID="0" NameCN="定位完成精度" NameTC="定位完成精度" NameEN="Positioning accuracy" NameKr="" ModbusAddr="21" Parameter="0" RWAtrribute="RW" isEnable="0" isVisible="0"/>
		  <textboxItem textboxID="1" NameCN="脉冲停止时间" NameTC="脈衝停止時間" NameEN="Pulse stop time" NameKr="" ModbusAddr="22" Parameter="20" RWAtrribute="RW" isEnable="0" isVisible="0"/>
		  <textboxItem textboxID="2" NameCN="默认电流" NameTC="默認電流" NameEN="Default current" NameKr="" ModbusAddr="11" Parameter="0" RWAtrribute="RW" isEnable="1" isVisible="1"/>
		  <textboxItem textboxID="3" NameCN="默认细分" NameTC="默認細分" NameEN="Default subdivision" NameKr="" ModbusAddr="10" Parameter="300" RWAtrribute="RW" isEnable="1" isVisible="1"/>
		  <textboxItem textboxID="4" NameCN="上电锁轴时间" NameTC="上電鎖軸時間" NameEN="Power-on lock shaft time" NameKr="" ModbusAddr="16" Parameter="128" RWAtrribute="RW" isEnable="1" isVisible="1"/>
		  <textboxItem textboxID="5" NameCN="脉冲指令滤波" NameTC="脈衝指令濾波" NameEN="Pulse command filtering" NameKr="" ModbusAddr="14" Parameter="4000" RWAtrribute="RW" isEnable="1" isVisible="1"/>
		  <textboxItem textboxID="6" NameCN="待机电流(%)" NameTC="待機電流(%) " NameEN="Stand-by current(%)" NameKr="" ModbusAddr="13" Parameter="50" RWAtrribute="RW" isEnable="1" isVisible="1"/>
		  <textboxItem textboxID="7" NameCN="待机时间" NameTC="待機時間" NameEN="Standby time" NameKr="" ModbusAddr="12" Parameter="0" RWAtrribute="RW" isEnable="1" isVisible="1"/>
		  <textboxItem textboxID="8" NameCN="脉冲带宽限制" NameTC="脈衝帶寬限制 (%)" NameEN="Pulse bandwidth limit" NameKr="" ModbusAddr="15" Parameter="5" RWAtrribute="RW" isEnable="1" isVisible="1"/>
		  <textboxItem textboxID="9" NameCN="自识别电阻" NameTC="自識別電阻 " NameEN="Auto Resistance" NameKr="" ModbusAddr="32" Parameter="100" RWAtrribute="R" isEnable="1" isVisible="1"/>  
		  <!--<textboxItem textboxID="10" NameCN="FV1(HZ)" NameTC="" NameEN="FV1(HZ)" NameKr="" ModbusAddr="28" Parameter="200" RWAtrribute="RW" isEnable="1" isVisible="1"/>  
		  <textboxItem textboxID="11" NameCN="FV2(HZ)" NameTC="" NameEN="FV2(HZ)" NameKr="" ModbusAddr="29" Parameter="600" RWAtrribute="RW" isEnable="1" isVisible="1"/>  
		  <textboxItem textboxID="12" NameCN="FA(HZ)" NameTC="" NameEN="FA(HZ)" NameKr="" ModbusAddr="30" Parameter="2000" RWAtrribute="RW" isEnable="1" isVisible="1"/>  
		  <textboxItem textboxID="13" NameCN="FPOUT(HZ)" NameTC="" NameEN="FPOUT(HZ)" NameKr="" ModbusAddr="31" Parameter="5000" RWAtrribute="RW" isEnable="1" isVisible="1"/>  
		  <textboxItem textboxID="14" NameCN="位置S1_Kp" NameTC="位置S1_Kp" NameEN="Position S1_Kp" NameKr="" ModbusAddr="51" Parameter="300" RWAtrribute="RW" isEnable="1" isVisible="1" Remark=""/>  
		  <textboxItem textboxID="15" NameCN="位置S1_Ki" NameTC="位置S1_Ki" NameEN="Position S1_Ki" NameKr="" ModbusAddr="52" Parameter="200" RWAtrribute="RW" isEnable="1" isVisible="1" Remark=""/>  
		  <textboxItem textboxID="16" NameCN="位置S1_Kd" NameTC="位置S1_Kd" NameEN="Position S1_Kd" NameKr="" ModbusAddr="53" Parameter="600" RWAtrribute="RW" isEnable="1" isVisible="1" Remark=""/>  
		  <textboxItem textboxID="17" NameCN="位置S1_Kvff" NameTC="位置S1_Kvff" NameEN="Position S1_Kvff" NameKr="" ModbusAddr="54" Parameter="200" RWAtrribute="RW" isEnable="1" isVisible="1"/>  
		  <textboxItem textboxID="18" NameCN="低速度抗震动Kdi" NameTC=" 低速度抗震動Kdi" NameEN="Low speed anti-vibration Kdi" NameKr="" ModbusAddr="55" Parameter="1" RWAtrribute="RW" isEnable="1" isVisible="1"/>  
		  <textboxItem textboxID="19" NameCN="位置Kp" NameTC="位置Kp" NameEN="Position Kp" NameKr="" ModbusAddr="56" Parameter="100" RWAtrribute="RW" isEnable="1" isVisible="1"/>  
		  <textboxItem textboxID="20" NameCN="位置Ki" NameTC="位置Ki" NameEN="Position Ki" NameKr="" ModbusAddr="57" Parameter="200" RWAtrribute="RW" isEnable="1" isVisible="1"/>  
		  <textboxItem textboxID="21" NameCN="重力补偿" NameTC="重力補償" NameEN="Gravity compensation" NameKr="" ModbusAddr="63" Parameter="600" RWAtrribute="RW" isEnable="1" isVisible="1"/>  
		  <textboxItem textboxID="22" NameCN="速度反馈KV1" NameTC="速度反饋KV1" NameEN="Speed feedback KV1" NameKr="" ModbusAddr="59" Parameter="2000" RWAtrribute="RW" isEnable="1" isVisible="1"/>  
		  <textboxItem textboxID="23" NameCN="速度反馈KV2" NameTC="速度反饋KV2" NameEN="Speed feedback KV2" NameKr="" ModbusAddr="60" Parameter="5000" RWAtrribute="RW" isEnable="1" isVisible="1"/>  
		  <textboxItem textboxID="24" NameCN="速度前馈KVFF" NameTC="速度前饋KVFF" NameEN="Speed feedforward" NameKr="" ModbusAddr="61" Parameter="300" RWAtrribute="RW" isEnable="1" isVisible="1" Remark="int32"/>  
		  <textboxItem textboxID="25" NameCN="加速度前馈KAFF" NameTC="加速度前饋KAFF" NameEN="Acceleration feedforward" NameKr="" ModbusAddr="62" Parameter="200" RWAtrribute="RW" isEnable="1" isVisible="1" Remark="int32"/>-->  
		  <textboxItem textboxID="26" NameCN="自识别电感" NameTC="自識別電感" NameEN="Auto inductance" NameKr="" ModbusAddr="31" Parameter="600" RWAtrribute="R" isEnable="1" isVisible="1" Remark=""/>
		  <textboxItem textboxID="27" NameCN="用户设定电阻" NameTC="用戶設定電阻" NameEN="User set resistance" NameKr="" ModbusAddr="34" Parameter="200" RWAtrribute="RW" isEnable="1" isVisible="1"/>
		  <textboxItem textboxID="28" NameCN="用户设定电感" NameTC="用戶設定電感" NameEN="User set inductance" NameKr="" ModbusAddr="33" Parameter="1" RWAtrribute="RW" isEnable="1" isVisible="1"/>
		  <textboxItem textboxID="29" NameCN="力矩常数" NameTC="力矩常數" NameEN="Torque constant" NameKr="" ModbusAddr="35" Parameter="100" RWAtrribute="RW" isEnable="1" isVisible="1"/>
		  <textboxItem textboxID="30" NameCN="力矩常数" NameTC="力矩常數" NameEN="Torque constant" NameKr="" ModbusAddr="42" Parameter="200" RWAtrribute="RW" isEnable="0" isVisible="0"/>
		  <textboxItem textboxID="31" NameCN="加速度(r/s^2)" NameTC="加速度(r/s^2)" NameEN="Acceleration (r/s^2)" NameKr="" ModbusAddr="68" Parameter="300" RWAtrribute="RW" isEnable="1" isVisible="1" Remark="int32"/>
		  <textboxItem textboxID="32" NameCN="最大速度" NameTC="最大速度" NameEN="Max speed" NameKr="" ModbusAddr="66" Parameter="200" RWAtrribute="RW" isEnable="1" isVisible="1" Remark="int32"/>
		  <textboxItem textboxID="33" NameCN="行程" NameTC="行程" NameEN="Distance(P)" NameKr="" ModbusAddr="70" Parameter="600" RWAtrribute="RW" isEnable="1" isVisible="1" Remark="int32"/>
		  <textboxItem textboxID="34" NameCN="等待时间" NameTC="等待時間" NameEN="Waiting time" NameKr="" ModbusAddr="78" Parameter="200" RWAtrribute="RW" isEnable="0" isVisible="0"/>
		  <textboxItem textboxID="35" NameCN="重复次数" NameTC="重複次數" NameEN="Repeat times" NameKr="" ModbusAddr="85" Parameter="1" RWAtrribute="RW" isEnable="0" isVisible="0"/>
	  </TextboxItems>
	  <ComboBoxItems>
		  <comboxItem comboxID="0" NameCN="脉冲输入模式" NameTC="脈衝輸入模式" NameEN="Pulse input mode" NameKr="" ModbusAddr="9" bit="6" isEnable="1" isVisible="1">
			  <Menu NameCN="PUL/DIR" NameTC="PUL/DIR" NameEN="PUL/DIR" NameKr="" Parameter="0"/>
			  <Menu NameCN="CW/CCW" NameTC="CW/CCW" NameEN="CW/CCW" NameKr="" Parameter="1"/>
			  <Menu NameCN="QEP正交编码输入" NameTC="QEP正交編碼輸入" NameEN="A/B" NameKr="" Parameter="2"/>
		  </comboxItem>
		  <comboxItem comboxID="1" NameCN="脉冲有效沿" NameTC="脈衝有效沿" NameEN="Pulse valid edge" NameKr="" ModbusAddr="9" bit="1" isEnable="1" isVisible="1">
			  <Menu NameCN="上升沿" NameTC="上升沿" NameEN="Rising edge" NameKr="" Parameter="0"/>
			  <Menu NameCN="下降沿" NameTC="下降沿" NameEN="Falling edge" NameKr="" Parameter="1"/>
		  </comboxItem>
		  <comboxItem comboxID="2" NameCN="控制模式" NameTC="控制模式 " NameEN="Control mode" NameKr="" ModbusAddr="9" bit="10" isEnable="1" isVisible="1">
			  <Menu NameCN="外部脉冲" NameTC="外部脈衝" NameEN="External pulse" NameKr="" Parameter="0"/>
			  <Menu NameCN="内部脉冲" NameTC="內部脈衝" NameEN="Internal pulse" NameKr="" Parameter="1"/>
		  </comboxItem>
		  <comboxItem comboxID="3" NameCN="ENA电平" NameTC="ENA電平" NameEN="ENA level" NameKr="" ModbusAddr="9" bit="3" isEnable="1" isVisible="1">
			  <Menu NameCN="低电平" NameTC="低電平" NameEN="Low level" NameKr="" Parameter="0"/>
			  <Menu NameCN="高电平" NameTC="高電平" NameEN="High level" NameKr="" Parameter="1"/>
		  </comboxItem>
		  <comboxItem comboxID="4" NameCN="ENA动作" NameTC="ENA動作" NameEN="ENA action" NameKr="" ModbusAddr="9" bit="4" isEnable="1" isVisible="1">
			  <Menu NameCN="锁轴" NameTC="鎖軸" NameEN="Lock motor" NameKr="" Parameter="0"/>
			  <Menu NameCN="不锁轴" NameTC="不鎖軸" NameEN="Unlock motor" NameKr="" Parameter="1"/>
		  </comboxItem>
		  <comboxItem comboxID="5" NameCN="内部脉冲控制模式" NameTC="內部脈衝控制模式" NameEN="Internal pulse control mode" NameKr="" ModbusAddr="9" bit="11" isEnable="1" isVisible="1">
			  <Menu NameCN="速度模式一" NameTC="速度模式一" NameEN="Speed mode one" NameKr="" Parameter="0"/>
			  <Menu NameCN="速度模式二" NameTC="速度模式二" NameEN="Speed mode two " NameKr="" Parameter="1"/>
			  <Menu NameCN="位置模式" NameTC="位置模式" NameEN="Position Mode" NameKr="" Parameter="2"/>
			  <Menu NameCN="电位器调速" NameTC="電位器調速" NameEN="Potentiometer speed regulation " NameKr="" Parameter="3"/>
		  </comboxItem>
		  <comboxItem comboxID="6" NameCN="OUT1功能(ALM)" NameTC="OUT1功能(ALM)" NameEN="OUT1(ALM)" NameKr="" ModbusAddr="9" bit="0" isEnable="0" isVisible="1">
			  <Menu NameCN="报警输出" NameTC="報警輸出" NameEN="Alarm Output" NameKr="" Parameter="0"/>
			  <Menu NameCN="到位信号" NameTC="到位信號" NameEN="In place signal" NameKr="" Parameter="1"/>
			  <Menu NameCN="抱闸输出" NameTC="抱閘輸出" NameEN="Brake output" NameKr="" Parameter="2"/>
		  </comboxItem>
		  <comboxItem comboxID="7" NameCN="OUT1输出极性" NameTC="OUT1輸出極性" NameEN="OUT1 polarity" NameKr="" ModbusAddr="9" bit="3" isEnable="0" isVisible="1">
			  <Menu NameCN="常开" NameTC="常開" NameEN="Frequent on" NameKr="" Parameter="0"/>
			  <Menu NameCN="常闭" NameTC="常閉" NameEN="Frequent off" NameKr="" Parameter="1"/>
		  </comboxItem>
		  <comboxItem comboxID="8" NameCN="OUT2功能(PEND)" NameTC="OUT2功能(PEND)" NameEN="OUT2(PEND)" NameKr="" ModbusAddr="9" bit="4" isEnable="0" isVisible="0">
			  <Menu NameCN="报警输出" NameTC="報警輸出" NameEN="Alarm Output" NameKr="" Parameter="0"/>
			  <Menu NameCN="到位信号" NameTC="到位信號" NameEN="In place signal" NameKr="" Parameter="1"/>
			  <Menu NameCN="抱闸输出" NameTC="抱閘輸出" NameEN="Brake output" NameKr="" Parameter="2"/>
		  </comboxItem>
		  <comboxItem comboxID="9" NameCN="OUT2输出极性" NameTC="OUT2輸出極性" NameEN="OUT2 polarity" NameKr="" ModbusAddr="9" bit="7" isEnable="0" isVisible="0">
			  <Menu NameCN="常开" NameTC="常開" NameEN="Normally open" NameKr="" Parameter="0"/>
			  <Menu NameCN="常闭" NameTC="常閉" NameEN="Normally closed" NameKr="" Parameter="1"/>
		  </comboxItem>
		  <comboxItem comboxID="10" NameCN="运行方向" NameTC="運行方向" NameEN="Running direction" NameKr="" ModbusAddr="63" bit="2" isEnable="0" isVisible="0">
			  <Menu NameCN="正" NameTC="正" NameEN="Positive" NameKr="" Parameter="0"/>
			  <Menu NameCN="反" NameTC="反" NameEN="Reverse" NameKr="" Parameter="1"/>
		  </comboxItem>
	  </ComboBoxItems>
	  <GroupboxItems>
		  <groupboxItem groupboxID="0" NameCN="速度、加速度滤波器" NameTC="速度、加速度濾波器" NameEN="Filter setting" NameKr="" isEnable="0" isVisible="0"/>
		  <groupboxItem groupboxID="1" NameCN="运动测试" NameTC="運動測試" NameEN="Sports test" NameKr="" isEnable="1" isVisible="1"/>
      <groupboxItem groupboxID="2" NameCN="测试模式" NameTC="測試模式" NameEN="Test mode" NameKr="" isEnable="0" isVisible="0"/>
      <groupboxItem groupboxID="3" NameCN="运行方向" NameTC="運行方向" NameEN="Dir" NameKr="" isEnable="0" isVisible="0"/>
	  <groupboxItem groupboxID="4" NameCN="伺服模式1" NameTC="伺服模式1" NameEN="Servo mode 1" NameKr="" isEnable="1" isVisible="1"/>
      <groupboxItem groupboxID="5" NameCN="伺服模式2" NameTC="伺服模式2" NameEN="Servo mode 2" NameKr="" isEnable="1" isVisible="1"/>
    </GroupboxItems>
	<CheckboxItems>
	    <checkboxItem checkboxID="0" NameCN="AutoPI" NameTC="AutoPI" NameEN="AutoPI" NameKr="" ModbusAddr="30" Parameter="1" isEnable="1" isVisible="1"/>
	  </CheckboxItems>
    <RadioBtItems>
      <radiobtItem radiobtID="0" NameCN="单方向" NameTC="單方向" NameEN="Single" NameKr="" ModbusAddr="77"  Parameter="0" isEnable="1" isVisible="1"/>
      <radiobtItem radiobtID="1" NameCN="往复运动" NameTC="往復運動" NameEN="Reciprocation" NameKr="" ModbusAddr="77"  Parameter="1" isEnable="1" isVisible="1"/>
      <radiobtItem radiobtID="2" NameCN="正方向" NameTC="正方向" NameEN="Positive" NameKr="" ModbusAddr="87"  Parameter="1"  isEnable="1" isVisible="1"/>
      <radiobtItem radiobtID="3" NameCN="反方向" NameTC="反方向" NameEN="Positive" NameKr="" ModbusAddr="87" isEnable="1"  Parameter="0" isVisible="1"/>
    </RadioBtItems>
    <MonitorParameter>
      <TableHeader tableID="0" NameCN="地址" NameTC="地址" NameEN="RegisterAddr" NameKr=""/>
      <TableHeader tableID="0" NameCN="功能" NameTC="功能" NameEN="Function" NameKr=""/>
      <TableHeader tableID="0" NameCN="参数" NameTC="參數" NameEN="Parameter" NameKr=""/>
      <TableHeader tableID="1" NameCN="故障状态" NameTC="故障狀態" NameEN="Fault state" NameKr=""/>
      <TableHeader tableID="1" NameCN="故障代码" NameTC="故障代碼" NameEN="Fault code" NameKr=""/>
      <TableHeader tableID="1" NameCN="状态指示" NameTC="狀態指示" NameEN="Status indication" NameKr=""/>
      <groupboxItem groupboxID="0" NameCN="实时参数" NameTC="實時參數" NameEN="Real-time parameters" NameKr="" isEnable="1" isVisible="1"/>
      <groupboxItem groupboxID="1" NameCN="故障状态" NameTC="故障狀態" NameEN="Fault state" NameKr="" isEnable="1" isVisible="1"/>
	  <groupboxItem groupboxID="2" NameCN="IO状态" NameTC="IO狀態" NameEN="IO status" NameKr="" isEnable="1" isVisible="1"/>
      <buttonItem buttonID="0" NameCN="" NameTC="" NameEN="" NameKr="" ModbusAddr="45" Parameter="1" isEnable="1" isVisible="1"/>
      <dataGridView dataGridViewID="0" ModbusAddr="4" NameCN="当前电流" NameTC="當前電流" NameEN="Current current" NameKr=""  Parameter="0" Remark=""/>
      <dataGridView dataGridViewID="0" ModbusAddr="3" NameCN="当前细分" NameTC="當前細分" NameEN="Current subdivision" NameKr="" Parameter="0" Remark=""/>
      <dataGridView dataGridViewID="0" ModbusAddr="1" NameCN="母线电压" NameTC="母線電壓" NameEN="Bus voltage" NameKr="" Parameter="0" Remark=""/>
      <dataGridView dataGridViewID="0" ModbusAddr="5" NameCN="外部脉冲计数器" NameTC="外部脈衝計數器" NameEN="External pulse counter" NameKr="" Parameter="0" Remark="int32"/>
      <dataGridView dataGridViewID="1" ModbusAddr="2" NameCN="过流" NameTC="過流" NameEN="Overcurrent" NameKr="" BitOffset="0" Parameter="0" Remark=""/>
      <dataGridView dataGridViewID="1" ModbusAddr="2" NameCN="过压" NameTC="過壓" NameEN="Overvoltage" NameKr="" BitOffset="1" Parameter="0" Remark=""/>
      <dataGridView dataGridViewID="1" ModbusAddr="2" NameCN="内部电压错误" NameTC="內部電壓錯誤" NameEN="Internal voltage error" NameKr="" BitOffset="3" Parameter="0" Remark=""/>
      <dataGridView dataGridViewID="1" ModbusAddr="2" NameCN="参数错误" NameTC="參數錯誤" NameEN="Parameter error" NameKr=""  BitOffset="7" Parameter="0" Remark=""/>
    </MonitorParameter>
    <ScopeConfiguration channelSum="2" StartModbusAddr="100" CurrentStepModbusAddr="40" CurentSamcnt="100" SampleModbusAddr="84" sampleCount="300" dataSplit="150" sampleRateModbusAddr="83" DriverInternalTime="0.05">
	<TableHeader tableID="0" NameCN="Modbus地址" NameTC="Modbus地址" NameEN="Modbus Addr" NameKr=""/>
      <TableHeader tableID="0" NameCN="参数名称" NameTC="參數名稱" NameEN="Parameter name" NameKr=""/>
      <TableHeader tableID="0" NameCN="参数值" NameTC="參數值" NameEN="Parameter" NameKr=""/>
      <TableHeader tableID="0" NameCN="单位" NameTC="單位" NameEN="Unit" NameKr=""/>
      <dataGridView dataGridViewID="0" ModbusAddr="36" NameCN="电流环Kp" NameTC="電流環Kp" NameEN="Current loop Kp" NameKr=""  Parameter="1000" Unit="-" Remark=""/>
      <dataGridView dataGridViewID="0" ModbusAddr="37" NameCN="电流环Ki" NameTC="電流環Ki" NameEN="Current loop Ki" NameKr="" Parameter="100" Unit="-" Remark=""/>
      <dataGridView dataGridViewID="0" ModbusAddr="38" NameCN="电流环Kc" NameTC="電流環Kc" NameEN="Current loop Kc" NameKr="" Parameter="256" Unit="-" Remark=""/>
      <dataGridView dataGridViewID="0" ModbusAddr="39" NameCN="电流环测试电流" NameTC="電流環測試電流" NameEN="Current loop test current" NameKr="" Parameter="0" Unit="mA" Remark=""/>
      <groupboxItem groupboxID="0" NameCN="采样参数整定" NameTC="採樣參數整定" NameEN="Sampling parameter tuning" NameKr="" isEnable="1" isVisible="1"/>
      <groupboxItem groupboxID="1" NameCN="采样设置" NameTC="採樣設置" NameEN="Sampling settings" NameKr="" isEnable="1" isVisible="1"/>
      <comboxItem comboxID="0" NameCN="通道一" NameTC="通道一" NameEN="Channel one" NameKr="" ModbusAddr="81" isEnable="1" isVisible="1">
        <Menu NameCN="位置误差" NameTC="位置誤差" NameEN="Position error" NameKr="" Parameter="0"/>
        <Menu NameCN="速度给定" NameTC="速度給定" NameEN="Speed setting" NameKr="" Parameter="1"/>
        <Menu NameCN="速度反馈" NameTC="速度反饋" NameEN="Speed feedback" NameKr="" Parameter="2"/>
        <Menu NameCN="电流A参考" NameTC="電流A參考" NameEN="Current A reference" NameKr="" Parameter="3"/>
        <Menu NameCN="电流A反馈" NameTC="電流A反饋" NameEN="Current A feedback" NameKr="" Parameter="4"/>
        <Menu NameCN="电流B参考" NameTC="電流B參考" NameEN="Current B reference" NameKr="" Parameter="5"/>
        <Menu NameCN="电流B反馈" NameTC="電流B反饋" NameEN="Current B feedback" NameKr="" Parameter="6"/>
      </comboxItem>
      <comboxItem comboxID="1" NameCN="通道二" NameTC="通道二" NameEN="Channel two" NameKr="" ModbusAddr="82" isEnable="1" isVisible="1">
        <Menu NameCN="位置误差" NameTC="位置誤差" NameEN="Position error" NameKr="" Parameter="0"/>
        <Menu NameCN="速度给定" NameTC="速度給定" NameEN="Speed setting" NameKr="" Parameter="1"/>
        <Menu NameCN="速度反馈" NameTC="速度反饋" NameEN="Speed feedback" NameKr="" Parameter="2"/>
        <Menu NameCN="电流A参考" NameTC="電流A參考" NameEN="Current A reference" NameKr="" Parameter="3"/>
        <Menu NameCN="电流A反馈" NameTC="電流A反饋" NameEN="Current A feedback" NameKr="" Parameter="4"/>
        <Menu NameCN="电流B参考" NameTC="電流B參考" NameEN="Current B reference" NameKr="" Parameter="5"/>
        <Menu NameCN="电流B反馈" NameTC="電流B反饋" NameEN="Current B feedback" NameKr="" Parameter="6"/>
      </comboxItem>
      <numericUpDownItem numericUpdID="0" NameCN="重复采样间隔" NameTC="重複採樣間隔" NameEN="Repeat sampling interval" NameKr="" Parameter="100"/>
      <numericUpDownItem numericUpdID="1" NameCN="采样速度" NameTC="採樣速度" NameEN="Sampling speed" NameKr="" Parameter="1"/>
      <numericUpDownItem numericUpdID="2" NameCN="采样个数" NameTC="採樣個數" NameEN="Number of samples" NameKr="" Parameter="300"/>
	  <toolStripMenuItem toolStripMenuItemID="0" NameCN="电流阶跃测试" NameTC="電流階躍測試" NameEN="Current step test" NameKr="" isEnable="1" isVisible="1"/>
	  <toolStripMenuItem toolStripMenuItemID="1" NameCN="单次采样" NameTC="單次採樣" NameEN="Single sampling" NameKr="" isEnable="1" isVisible="1"/>
	  <toolStripMenuItem toolStripMenuItemID="2" NameCN="循环采样" NameTC="循環採樣" NameEN="Loop sampling" NameKr="" isEnable="1" isVisible="1"/>
	  <toolStripMenuItem toolStripMenuItemID="3" NameCN="停止采样" NameTC="停止採樣" NameEN="Stop sampling" NameKr="" isEnable="1" isVisible="1"/>
	  <toolStripMenuItem toolStripMenuItemID="4" NameCN="快捷键说明" NameTC="快捷鍵說明" NameEN="Shortcut key description" NameKr="" isEnable="1" isVisible="1"/>
    </ScopeConfiguration>
  </Product>
</RtDriverConfiguration>