﻿<?xml version="1.0" encoding="utf-8"?>
<RtDriverConfiguration FormNameCN="锐特调试软件" FormNameTC="銳特調試軟件" FormNameEN="RUITECHCONFIGURATOR" FormNameKr="" xmlns:xsi="http://www.w3.org/2001/XMLSchema-instance" xmlns:xsd="http://www.w3.org/2001/XMLSchema">
	<IOConfiguration INModbusAddr="112" OUIModbusAddr="113" INcount="6" OUTcount="4"/>
  <SpecialFunRegister SaveModbusAddr="90" ReSetModbusAddr="91"/>
  <Product ProductName="S400" ProductSeries="DRVSeries" VerModbusAddr="110" language="0" neutral="0">
    <RegisterSummary>
      <Register ModbusAddr="0" FunctionCN="电机类型" FunctionTC="1" FunctionEN="Motor type" FunctionKr="3" ColumnType="Textbox" Parameter="1" Remark="-" Default="1" Unit="-" Minimum="0" Maximum="1" RWAttribution="RW"/>
      <Register ModbusAddr="1" FunctionCN="电机极对数" FunctionTC="1" FunctionEN="Number of motor pole pairs" FunctionKr="3" ColumnType="Textbox" Parameter="20" Remark="-" Default="4" Unit="antipode" Minimum="1" Maximum="50" RWAttribution="RW"/>
      <Register ModbusAddr="2" FunctionCN="电机转子电阻" FunctionTC="1" FunctionEN="Motor rotor resistance" FunctionKr="3" ColumnType="Textbox" Parameter="20" Remark="UInt32" Default="0" Unit="0.001mΩ" Minimum="1" Maximum="2147483648" RWAttribution="RW"/>
      <Register ModbusAddr="4" FunctionCN="电机定子电阻" FunctionTC="1" FunctionEN="Motor stator resistance" FunctionKr="3" ColumnType="Textbox" Parameter="10" Remark="UInt32" Default="309200" Unit="0.001mΩ" Minimum="1" Maximum="2147483648" RWAttribution="RW"/>
      <Register ModbusAddr="6" FunctionCN="电机定子D轴电感" FunctionTC="1" FunctionEN="D axis inductance of motor stator" FunctionKr="3" ColumnType="Textbox" Parameter="20" Remark="UInt32" Default="335235" Unit="0.001uH" Minimum="1" Maximum="2147483648" RWAttribution="RW"/>
      <Register ModbusAddr="8" FunctionCN="电机定子Q轴电感 " FunctionTC="1" FunctionEN="Q axis inductance of motor stator" FunctionKr="3" ColumnType="Textbox" Parameter="20" Remark="UInt32" Default="335235" Unit="0.001uH" Minimum="1" Maximum="2147483648" RWAttribution="RW"/>
      <Register ModbusAddr="10" FunctionCN="电机反电动势系数" FunctionTC="1" FunctionEN="Back electromotive force coefficient of motor" FunctionKr="3" ColumnType="Textbox" Parameter="10" Remark="UInt32" Default="70352" Unit="0.001mV/Hz" Minimum="1" Maximum="2147483648" RWAttribution="RW"/>
      <Register ModbusAddr="12" FunctionCN="保留" FunctionTC="1" FunctionEN="Keep" FunctionKr="3" ColumnType="Textbox" Parameter="-" Remark="1" Default="-" Unit="-" Minimum="-" Maximum="-" RWAttribution="R"/>
      <Register ModbusAddr="13" FunctionCN="电阻估算电流" FunctionTC="1" FunctionEN="Resistance estimated current" FunctionKr="3" ColumnType="Textbox" Parameter="3" Remark="-" Default="2500" Unit="mA" Minimum="0" Maximum="65535" RWAttribution="RW"/>
      <Register ModbusAddr="14" FunctionCN="电感估算电流" FunctionTC="1" FunctionEN="Inductance estimated current" FunctionKr="3" ColumnType="Textbox" Parameter="1" Remark="-" Default="2500" Unit="mA" Minimum="0" Maximum="65535" RWAttribution="RW"/>
      <Register ModbusAddr="15" FunctionCN="电机额定电流" FunctionTC="1" FunctionEN="Motor rated current" FunctionKr="3" ColumnType="Textbox" Parameter="20" Remark="-" Default="7500" Unit="mA" Minimum="0" Maximum="65535" RWAttribution="RW"/>
      <Register ModbusAddr="16" FunctionCN="磁通估算电频率" FunctionTC="1" FunctionEN="Flux estimates electrical frequency" FunctionKr="3" ColumnType="Textbox" Parameter="20" Remark="-" Default="20" Unit="mA" Minimum="20" Maximum="50" RWAttribution="RW"/>
      <Register ModbusAddr="17" FunctionCN="电机R/L估算频率  " FunctionTC="1" FunctionEN="Motor R/L estimation frequency" FunctionKr="3" ColumnType="Textbox" Parameter="10" Remark="-" Default="300" Unit="Hz" Minimum="100" Maximum="300" RWAttribution="RW"/>
      <Register ModbusAddr="18" FunctionCN="最大ID参考电流 " FunctionTC="1" FunctionEN="Maximum ID reference current" FunctionKr="3" ColumnType="Textbox" Parameter="20" Remark="-" Default="3750" Unit="Hz" Minimum="0" Maximum="65535" RWAttribution="RW"/>
      <Register ModbusAddr="19" FunctionCN="零速角频率" FunctionTC="1" FunctionEN="Zero speed angular frequency" FunctionKr="3" ColumnType="Textbox" Parameter="20" Remark="-" Default="50" Unit="0.01Hz" Minimum="0" Maximum="1000" RWAttribution="RW"/>
      <Register ModbusAddr="20" FunctionCN="强制角频率" FunctionTC="1" FunctionEN="Forced angular frequency" FunctionKr="3" ColumnType="Textbox" Parameter="20" Remark="-" Default="100" Unit="0.01Hz" Minimum="0" Maximum="2000" RWAttribution="-"/>
      <Register ModbusAddr="21-22" FunctionCN="保留" FunctionTC="1" FunctionEN="Keep" FunctionKr="3" ColumnType="Textbox" Parameter="-" Remark="2" Default="-" Unit="-" Minimum="-" Maximum="-" RWAttribution="R"/>
      <Register ModbusAddr="23" FunctionCN="使能控制" FunctionTC="1" FunctionEN="Enable control" FunctionKr="3" ColumnType="Textbox" Parameter="1" Remark="-" Default="1" Unit="-" Minimum="0" Maximum="1" RWAttribution="RW"/>
      <Register ModbusAddr="24" FunctionCN="通讯控制命令" FunctionTC="1" FunctionEN="Communication control command" FunctionKr="3" ColumnType="Textbox" Parameter="20" Remark="-" Default="5" Unit="-" Minimum="0" Maximum="5" RWAttribution="RW"/>
      <Register ModbusAddr="25" FunctionCN="保留" FunctionTC="1" FunctionEN="Keep" FunctionKr="3" ColumnType="Textbox" Parameter="20" Remark="1" Default="-" Unit="-" Minimum="-" Maximum="-" RWAttribution="R"/>
      <Register ModbusAddr="26" FunctionCN="使能开环启动" FunctionTC="1" FunctionEN="Enable open loop start" FunctionKr="3" ColumnType="Textbox" Parameter="0" Remark="-" Default="0" Unit="-" Minimum="0" Maximum="1" RWAttribution="RW"/>
      <Register ModbusAddr="27" FunctionCN="保留" FunctionTC="1" FunctionEN="Keep" FunctionKr="3" ColumnType="Textbox" Parameter="20" Remark="1" Default="-" Unit="-" Minimum="-" Maximum="-" RWAttribution="R"/>
      <Register ModbusAddr="28" FunctionCN="使能定子电阻重校准" FunctionTC="1" FunctionEN="Enable stator resistance recalibration" FunctionKr="3" ColumnType="Textbox" Parameter="0" Remark="-" Default="0" Unit="-" Minimum="0" Maximum="1" RWAttribution="RW"/>
      <Register ModbusAddr="29" FunctionCN="使能用户参数" FunctionTC="1" FunctionEN="Enable user parameters" FunctionKr="3" ColumnType="Textbox" Parameter="0" Remark="-" Default="1" Unit="-" Minimum="0" Maximum="1" RWAttribution="RW"/>
      <Register ModbusAddr="30" FunctionCN="使能偏置校准" FunctionTC="1" FunctionEN="Enable offset calibration" FunctionKr="3" ColumnType="Textbox" Parameter="0" Remark="-" Default="1" Unit="-" Minimum="0" Maximum="1" RWAttribution="RW"/>
      <Register ModbusAddr="31-32" FunctionCN="保留" FunctionTC="1" FunctionEN="Keep" FunctionKr="3" ColumnType="Textbox" Parameter="0" Remark="2" Default="-" Unit="-" Minimum="-" Maximum="-" RWAttribution="R"/>
      <Register ModbusAddr="33" FunctionCN="禁止PI自识别 " FunctionTC="1" FunctionEN="Prohibit PI self-identification" FunctionKr="3" ColumnType="Textbox" Parameter="1" Remark="-" Default="0" Unit="-" Minimum="0" Maximum="1" RWAttribution="RW"/>
      <Register ModbusAddr="34" FunctionCN="保留" FunctionTC="1" FunctionEN="Keep" FunctionKr="3" ColumnType="Textbox" Parameter="0" Remark="1" Default="-" Unit="-" Minimum="-" Maximum="-" RWAttribution="R"/>
      <Register ModbusAddr="35" FunctionCN="运行状态" FunctionTC="1" FunctionEN="Running status" FunctionKr="3" ColumnType="Textbox" Parameter="20" Remark="-" Default="-" Unit="-" Minimum="-" Maximum="-" RWAttribution="R"/>
      <Register ModbusAddr="36" FunctionCN="控制器状态" FunctionTC="1" FunctionEN="Control status" FunctionKr="3" ColumnType="Textbox" Parameter="10" Remark="-" Default="-" Unit="-" Minimum="-" Maximum="-" RWAttribution="R"/>
      <Register ModbusAddr="37" FunctionCN="估算器状态" FunctionTC="1" FunctionEN="Estimator status" FunctionKr="3" ColumnType="Textbox" Parameter="20" Remark="-" Default="-" Unit="-" Minimum="-" Maximum="-" RWAttribution="R"/>
      <Register ModbusAddr="38" FunctionCN="控制模式" FunctionTC="1" FunctionEN="Control mode" FunctionKr="3" ColumnType="Textbox" Parameter="20" Remark="-" Default="-" Unit="-" Minimum="-" Maximum="-" RWAttribution="R"/>
      <Register ModbusAddr="39" FunctionCN="错误代码" FunctionTC="1" FunctionEN="Error code" FunctionKr="3" ColumnType="Textbox" Parameter="10" Remark="-" Default="-" Unit="-" Minimum="-" Maximum="-" RWAttribution="R"/>
      <Register ModbusAddr="40-42" FunctionCN="保留" FunctionTC="1" FunctionEN="Keep" FunctionKr="3" ColumnType="Textbox" Parameter="0" Remark="3" Default="-" Unit="-" Minimum="-" Maximum="-" RWAttribution="R"/>
      <Register ModbusAddr="43" FunctionCN="D轴电流给定" FunctionTC="1" FunctionEN="D-axis current given" FunctionKr="3" ColumnType="Textbox" Parameter="20" Remark="-" Default="-" Unit="0.01A" Minimum="-" Maximum="-" RWAttribution="R"/>
      <Register ModbusAddr="44" FunctionCN="D轴电流反馈" FunctionTC="1" FunctionEN="D-axis current feedback" FunctionKr="3" ColumnType="Textbox" Parameter="20" Remark="-" Default="-" Unit="0.01A" Minimum="-" Maximum="-" RWAttribution="R"/>
      <Register ModbusAddr="45" FunctionCN="Q轴电流给定 " FunctionTC="1" FunctionEN="Q-axis current given" FunctionKr="3" ColumnType="Textbox" Parameter="10" Remark="-" Default="-" Unit="0.01A" Minimum="-" Maximum="-" RWAttribution="R"/>
      <Register ModbusAddr="46" FunctionCN="Q轴电流反馈" FunctionTC="1" FunctionEN="Q-axis current feedback" FunctionKr="3" ColumnType="Textbox" Parameter="20" Remark="-" Default="-" Unit="0.01A" Minimum="-" Maximum="-" RWAttribution="R"/>
      <Register ModbusAddr="47" FunctionCN="速度给定" FunctionTC="1" FunctionEN="Speed given" FunctionKr="3" ColumnType="Textbox" Parameter="20" Remark="short" Default="2000" Unit="RPM" Minimum="-32768" Maximum="32768" RWAttribution="RW"/>
      <Register ModbusAddr="48" FunctionCN="速度反馈" FunctionTC="1" FunctionEN="Speed feedback" FunctionKr="3" ColumnType="Textbox" Parameter="10" Remark="-" Default="-" Unit="RPM" Minimum="-" Maximum="-" RWAttribution="R"/>
      <Register ModbusAddr="49" FunctionCN="加减速度" FunctionTC="1" FunctionEN="Add and subtract speed" FunctionKr="3" ColumnType="Textbox" Parameter="20" Remark="-" Default="50" Unit="r/s^2" Minimum="1" Maximum="5000" RWAttribution="RW"/>
      <Register ModbusAddr="50-53" FunctionCN="保留" FunctionTC="1" FunctionEN="Keep" FunctionKr="3" ColumnType="Textbox" Parameter="0" Remark="4" Default="-" Unit="-" Minimum="-" Maximum="-" RWAttribution="R"/>
      <Register ModbusAddr="54" FunctionCN="估算扭矩" FunctionTC="1" FunctionEN="Estimate torque" FunctionKr="3" ColumnType="Textbox" Parameter="10" Remark="-" Default="-" Unit="0.001Nm" Minimum="-" Maximum="-" RWAttribution="R"/>
      <Register ModbusAddr="55" FunctionCN="保留" FunctionTC="1" FunctionEN="Keep" FunctionKr="3" ColumnType="Textbox" Parameter="0" Remark="1" Default="-" Unit="-" Minimum="-" Maximum="-" RWAttribution="R"/>
      <Register ModbusAddr="56" FunctionCN="估算转子电阻" FunctionTC="1" FunctionEN="Estimate rotor resistance" FunctionKr="3" ColumnType="Textbox" Parameter="20" Remark="int32" Default="-" Unit="0.001mΩ" Minimum="-" Maximum="-" RWAttribution="R"/>
      <Register ModbusAddr="58" FunctionCN="估算定子电阻" FunctionTC="1" FunctionEN="Estimate stator resistance" FunctionKr="3" ColumnType="Textbox" Parameter="10" Remark="int32" Default="-" Unit="0.001mΩ" Minimum="-" Maximum="-" RWAttribution="R"/>
      <Register ModbusAddr="60-61" FunctionCN="保留" FunctionTC="1" FunctionEN="Keep" FunctionKr="3" ColumnType="Textbox" Parameter="0" Remark="2" Default="-" Unit="-" Minimum="-" Maximum="-" RWAttribution="R"/>
      <Register ModbusAddr="62" FunctionCN="估算定子D轴电感" FunctionTC="1" FunctionEN="Estimation of stator D-axis inductance" FunctionKr="3" ColumnType="Textbox" Parameter="3" Remark="int32" Default="-" Unit="0.001uH" Minimum="-" Maximum="-" RWAttribution="R"/>
      <Register ModbusAddr="64" FunctionCN="估算定子Q轴电感 " FunctionTC="1" FunctionEN="Estimation of stator Q-axis inductance" FunctionKr="3" ColumnType="Textbox" Parameter="1" Remark="int32" Default="-" Unit="0.001uH" Minimum="-" Maximum="-" RWAttribution="R"/>
      <Register ModbusAddr="66" FunctionCN="估算反电动势系数" FunctionTC="1" FunctionEN="Estimate the back EMF coefficient" FunctionKr="3" ColumnType="Textbox" Parameter="20" Remark="int32" Default="-" Unit="0.001mV/Hz" Minimum="-" Maximum="-" RWAttribution="R"/>
      <Register ModbusAddr="68" FunctionCN="母线电压" FunctionTC="1" FunctionEN="Bus voltage" FunctionKr="3" ColumnType="Textbox" Parameter="20" Remark="-" Default="-" Unit="0.01V" Minimum="-" Maximum="-" RWAttribution="R"/>
      <Register ModbusAddr="69" FunctionCN="A相电流" FunctionTC="1" FunctionEN="A phase current" FunctionKr="3" ColumnType="Textbox" Parameter="10" Remark="short" Default="-" Unit="0.01A" Minimum="-" Maximum="-" RWAttribution="R"/>
      <Register ModbusAddr="70" FunctionCN="B相电流" FunctionTC="1" FunctionEN="B phase current" FunctionKr="3" ColumnType="Textbox" Parameter="20" Remark="short" Default="-" Unit="0.01A" Minimum="-" Maximum="-" RWAttribution="R"/>
      <Register ModbusAddr="71" FunctionCN="C相电流" FunctionTC="1" FunctionEN="C phase current" FunctionKr="3" ColumnType="Textbox" Parameter="20" Remark="short" Default="-" Unit="0.01A" Minimum="0" Maximum="65535" RWAttribution="R"/>
      <Register ModbusAddr="72" FunctionCN="A相电压" FunctionTC="1" FunctionEN="A phase voltage" FunctionKr="3" ColumnType="Textbox" Parameter="10" Remark="short" Default="-" Unit="0.01V" Minimum="0" Maximum="65535" RWAttribution="R"/>
      <Register ModbusAddr="73" FunctionCN="B相电压" FunctionTC="1" FunctionEN="B phase voltage" FunctionKr="3" ColumnType="Textbox" Parameter="20" Remark="short" Default="-" Unit="0.01V" Minimum="0" Maximum="65535" RWAttribution="R"/>
      <Register ModbusAddr="74" FunctionCN="C相电压" FunctionTC="1" FunctionEN="C phase voltage" FunctionKr="3" ColumnType="Textbox" Parameter="3" Remark="short" Default="-" Unit="0.01V" Minimum="0" Maximum="65535" RWAttribution="R"/>
      <Register ModbusAddr="75" FunctionCN="A相电流偏置" FunctionTC="1" FunctionEN="A phase current offset" FunctionKr="3" ColumnType="Textbox" Parameter="1" Remark="short" Default="-" Unit="mV" Minimum="0" Maximum="1" RWAttribution="R"/>
      <Register ModbusAddr="76" FunctionCN="B相电流偏置" FunctionTC="1" FunctionEN="B phase current offset" FunctionKr="3" ColumnType="Textbox" Parameter="20" Remark="short" Default="-" Unit="mV" Minimum="0" Maximum="65535" RWAttribution="R"/>
      <Register ModbusAddr="77" FunctionCN="C相电流偏置" FunctionTC="1" FunctionEN="C phase current offset" FunctionKr="3" ColumnType="Textbox" Parameter="20" Remark="short" Default="-" Unit="mV" Minimum="0" Maximum="65535" RWAttribution="R"/>
      <Register ModbusAddr="78" FunctionCN="A相电压偏置" FunctionTC="1" FunctionEN="A phase voltage offset" FunctionKr="3" ColumnType="Textbox" Parameter="10" Remark="-" Default="-" Unit="0.01V" Minimum="0" Maximum="65535" RWAttribution="R"/>
      <Register ModbusAddr="79" FunctionCN="B相电压偏置" FunctionTC="1" FunctionEN="B phase voltage offset" FunctionKr="3" ColumnType="Textbox" Parameter="20" Remark="-" Default="-" Unit="0.01V" Minimum="0" Maximum="65535" RWAttribution="R"/>
      <Register ModbusAddr="80" FunctionCN="C相电压偏置" FunctionTC="1" FunctionEN="C phase voltage offset" FunctionKr="3" ColumnType="Textbox" Parameter="20" Remark="-" Default="-" Unit="0.01V" Minimum="0" Maximum="65535" RWAttribution="R"/>
      <Register ModbusAddr="81" FunctionCN="A相电流采样值" FunctionTC="1" FunctionEN="A phase current sampling value" FunctionKr="3" ColumnType="Textbox" Parameter="10" Remark="-" Default="-" Unit="-" Minimum="0" Maximum="65535" RWAttribution="R"/>
      <Register ModbusAddr="82" FunctionCN="B相电流采样值" FunctionTC="1" FunctionEN="B phase current sampling value" FunctionKr="3" ColumnType="Textbox" Parameter="20" Remark="-" Default="-" Unit="-" Minimum="0" Maximum="65535" RWAttribution="R"/>
      <Register ModbusAddr="83" FunctionCN="C相电流采样值" FunctionTC="1" FunctionEN="C phase current sampling value" FunctionKr="3" ColumnType="Textbox" Parameter="3" Remark="-" Default="-" Unit="-" Minimum="0" Maximum="65535" RWAttribution="R"/>
      <Register ModbusAddr="84" FunctionCN="A相电压采样值" FunctionTC="1" FunctionEN="A phase voltage sampling value" FunctionKr="3" ColumnType="Textbox" Parameter="1" Remark="-" Default="-" Unit="-" Minimum="0" Maximum="1" RWAttribution="R"/>
      <Register ModbusAddr="85" FunctionCN="B相电压采样值 " FunctionTC="1" FunctionEN="B phase voltage sampling value" FunctionKr="3" ColumnType="Textbox" Parameter="20" Remark="-" Default="-" Unit="-" Minimum="0" Maximum="65535" RWAttribution="R"/>
      <Register ModbusAddr="86" FunctionCN="C相电压采样值" FunctionTC="1" FunctionEN="C phase voltage sampling value" FunctionKr="3" ColumnType="Textbox" Parameter="20" Remark="-" Default="-" Unit="-" Minimum="0" Maximum="65535" RWAttribution="R"/>
      <Register ModbusAddr="87" FunctionCN="VDC采样值" FunctionTC="1" FunctionEN="VDC sampling value" FunctionKr="3" ColumnType="Textbox" Parameter="10" Remark="-" Default="-" Unit="-" Minimum="0" Maximum="65535" RWAttribution="R"/>
      <Register ModbusAddr="88" FunctionCN="保留" FunctionTC="1" FunctionEN="Keep" FunctionKr="3" ColumnType="Textbox" Parameter="0" Remark="1" Default="-" Unit="-" Minimum="0" Maximum="65535" RWAttribution="R"/>
      <Register ModbusAddr="89" FunctionCN="驱动器版本号" FunctionTC="1" FunctionEN="Driver version number" FunctionKr="3" ColumnType="Textbox" Parameter="20" Remark="-" Default="-" Unit="-" Minimum="0" Maximum="65535" RWAttribution="R"/>
      <Register ModbusAddr="90" FunctionCN="保存参数" FunctionTC="1" FunctionEN="Save parameters" FunctionKr="3" ColumnType="Textbox" Parameter="0" Remark="-" Default="0" Unit="-" Minimum="0" Maximum="1" RWAttribution="RW"/>
      <Register ModbusAddr="91" FunctionCN="恢复出厂设置" FunctionTC="1" FunctionEN="Restore factory settings" FunctionKr="3" ColumnType="Textbox" Parameter="0" Remark="-" Default="0" Unit="-" Minimum="0" Maximum="2" RWAttribution="RW"/>
      <Register ModbusAddr="92" FunctionCN="保留" FunctionTC="1" FunctionEN="Keep" FunctionKr="3" ColumnType="Textbox" Parameter="0" Remark="1" Default="-" Unit="-" Minimum="-" Maximum="-" RWAttribution="R"/>
      <Register ModbusAddr="93" FunctionCN="速度比例增益Kp" FunctionTC="1" FunctionEN="Speed proportional gain Kp" FunctionKr="3" ColumnType="Textbox" Parameter="0" Remark="-" Default="0" Unit="-" Minimum="0" Maximum="1" RWAttribution="RW"/>
      <Register ModbusAddr="94" FunctionCN="速度积分增益Ki" FunctionTC="1" FunctionEN="Speed integral gain Ki" FunctionKr="3" ColumnType="Textbox" Parameter="1" Remark="-" Default="1" Unit="-" Minimum="0" Maximum="65535" RWAttribution="RW"/>
      <Register ModbusAddr="95" FunctionCN="电流比例增益Kp" FunctionTC="1" FunctionEN="Current proportional gain Kp" FunctionKr="3" ColumnType="Textbox" Parameter="20" Remark="-" Default="0" Unit="-" Minimum="0" Maximum="65535" RWAttribution="RW"/>
      <Register ModbusAddr="96" FunctionCN="速度积分增益Ki" FunctionTC="1" FunctionEN="Speed integral gain Ki" FunctionKr="3" ColumnType="Textbox" Parameter="10" Remark="-" Default="100" Unit="-" Minimum="0" Maximum="65535" RWAttribution="RW"/>
      <Register ModbusAddr="97" FunctionCN="RS485站号" FunctionTC="RS485 station number" FunctionEN="2" FunctionKr="3" ColumnType="Textbox" Parameter="20" Remark="-" Default="1" Unit="-" Minimum="0" Maximum="127" RWAttribution="RW"/>
      <Register ModbusAddr="98" FunctionCN="RS485波特率" FunctionTC="1" FunctionEN="RS485 baud rate" FunctionKr="3" ColumnType="Textbox" Parameter="20" Remark="-" Default="5" Unit="-" Minimum="0" Maximum="5" RWAttribution="RW"/>
      <Register ModbusAddr="99" FunctionCN="RS485数据格式" FunctionTC="1" FunctionEN="RS485 data format" FunctionKr="3" ColumnType="Textbox" Parameter="10" Remark="-" Default="0" Unit="-" Minimum="0" Maximum="5" RWAttribution="RW"/>
      <Register ModbusAddr="100" FunctionCN="输入端口1功能、极性" FunctionTC="1" FunctionEN="Input port 1 function、polarity" FunctionKr="3" ColumnType="Textbox" Parameter="20" Remark="-" Default="58" Unit="-" Minimum="0" Maximum="63" RWAttribution="RW"/>
      <Register ModbusAddr="101" FunctionCN="输入端口2功能、极性" FunctionTC="1" FunctionEN="Input port 2 function、polarity" FunctionKr="3" ColumnType="Textbox" Parameter="1" Remark="-" Default="50" Unit="-" Minimum="0" Maximum="63" RWAttribution="RW"/>
      <Register ModbusAddr="102" FunctionCN="输入端口3功能、极性" FunctionTC="1" FunctionEN="Input port 3 function、polarity" FunctionKr="3" ColumnType="Textbox" Parameter="20" Remark="-" Default="52" Unit="-" Minimum="0" Maximum="63" RWAttribution="RW"/>
      <Register ModbusAddr="103" FunctionCN="输入端口4功能、极性" FunctionTC="1" FunctionEN="Input port 4 function、polarity" FunctionKr="3" ColumnType="Textbox" Parameter="20" Remark="-" Default="53" Unit="-" Minimum="0" Maximum="63" RWAttribution="RW"/>
      <Register ModbusAddr="104" FunctionCN="输入端口5功能、极性" FunctionTC="1" FunctionEN="Input port 5 function、polarity" FunctionKr="3" ColumnType="Textbox" Parameter="10" Remark="-" Default="54" Unit="-" Minimum="0" Maximum="63" RWAttribution="RW"/>
      <Register ModbusAddr="105" FunctionCN="输出端口1功能、极性" FunctionTC="1" FunctionEN="Output port 1 function、polarity" FunctionKr="3" ColumnType="Textbox" Parameter="20" Remark="-" Default="33" Unit="-" Minimum="0" Maximum="63" RWAttribution="RW"/>
      <Register ModbusAddr="106" FunctionCN="输出端口2功能、极性" FunctionTC="1" FunctionEN="Output port 2 function、polarity" FunctionKr="3" ColumnType="Textbox" Parameter="20" Remark="-" Default="36" Unit="-" Minimum="0" Maximum="63" RWAttribution="RW"/>
      <Register ModbusAddr="107" FunctionCN="输出端口3功能、极性" FunctionTC="1" FunctionEN="Output port 3 function、polarity" FunctionKr="3" ColumnType="Textbox" Parameter="10" Remark="-" Default="43" Unit="-" Minimum="0" Maximum="63" RWAttribution="RW"/>
      <Register ModbusAddr="108" FunctionCN="输入强制有效" FunctionTC="1" FunctionEN="Input force valid" FunctionKr="3" ColumnType="Textbox" Parameter="20" Remark="-" Default="0" Unit="-" Minimum="0" Maximum="31" RWAttribution="RW"/>
      <Register ModbusAddr="109" FunctionCN="输出强制有效" FunctionTC="1" FunctionEN="Output force valid" FunctionKr="3" ColumnType="Textbox" Parameter="3" Remark="-" Default="0" Unit="-" Minimum="0" Maximum="7" RWAttribution="RW"/>
      <Register ModbusAddr="110" FunctionCN="驱动器ID号" FunctionTC="1" FunctionEN="Driver ID number" FunctionKr="3" ColumnType="Textbox" Parameter="1" Remark="-" Default="-" Unit="-" Minimum="0" Maximum="1" RWAttribution="R"/>
      <Register ModbusAddr="111" FunctionCN="报警代码" FunctionTC="1" FunctionEN="Alarm code" FunctionKr="3" ColumnType="Textbox" Parameter="20" Remark="-" Default="-" Unit="-" Minimum="0" Maximum="65535" RWAttribution="R"/>
      <Register ModbusAddr="112" FunctionCN="输入端口状态寄存器" FunctionTC="1" FunctionEN="Input port status register" FunctionKr="3" ColumnType="Textbox" Parameter="20" Remark="-" Default="-" Unit="-" Minimum="0" Maximum="65535" RWAttribution="R"/>
      <Register ModbusAddr="113" FunctionCN="输出端口状态寄存器" FunctionTC="1" FunctionEN="Output port status register" FunctionKr="3" ColumnType="Textbox" Parameter="10" Remark="-" Default="-" Unit="-" Minimum="0" Maximum="65535" RWAttribution="R"/>
      <Register ModbusAddr="114" FunctionCN="输入端口导通触发状态" FunctionTC="1" FunctionEN="Input port conduction trigger status" FunctionKr="3" ColumnType="Textbox" Parameter="20" Remark="-" Default="-" Unit="-" Minimum="0" Maximum="65535" RWAttribution="R"/>
      <Register ModbusAddr="115" FunctionCN="输入端口断开触发状态" FunctionTC="1" FunctionEN="Input port open trigger status" FunctionKr="3" ColumnType="Textbox" Parameter="20" Remark="-" Default="-" Unit="-" Minimum="0" Maximum="65535" RWAttribution="R"/>
      <Register ModbusAddr="116" FunctionCN="输入标志寄存器" FunctionTC="1" FunctionEN="Input flag register" FunctionKr="3" ColumnType="Textbox" Parameter="10" Remark="-" Default="-" Unit="-" Minimum="0" Maximum="65535" RWAttribution="R"/>
      <Register ModbusAddr="117" FunctionCN="输出标志寄存器" FunctionTC="1" FunctionEN="Output flag register" FunctionKr="3" ColumnType="Textbox" Parameter="20" Remark="-" Default="-" Unit="-" Minimum="0" Maximum="65535" RWAttribution="R"/>
      <Register ModbusAddr="118" FunctionCN="系统状态" FunctionTC="1" FunctionEN="System status" FunctionKr="3" ColumnType="Textbox" Parameter="3" Remark="-" Default="-" Unit="-" Minimum="0" Maximum="65535" RWAttribution="R"/>
      <Register ModbusAddr="119" FunctionCN="模拟量通道输入采样值" FunctionTC="1" FunctionEN="Input sampling value of analog channel" FunctionKr="3" ColumnType="Textbox" Parameter="1" Remark="-" Default="-" Unit="-" Minimum="0" Maximum="1" RWAttribution="R"/>
      <Register ModbusAddr="120" FunctionCN="PWM输入脉冲占空比" FunctionTC="1" FunctionEN="PWM input pulse duty cycle" FunctionKr="3" ColumnType="Textbox" Parameter="20" Remark="-" Default="-" Unit="0.01%" Minimum="0" Maximum="65535" RWAttribution="R"/>
      <Register ModbusAddr="121" FunctionCN="PWM 输出电机转速占空比" FunctionTC="1" FunctionEN="PWM output motor speed duty cycle" FunctionKr="3" ColumnType="Textbox" Parameter="20" Remark="-" Default="-" Unit="0.01%" Minimum="0" Maximum="65535" RWAttribution="R"/>
      <Register ModbusAddr="122" FunctionCN="模拟量输入偏置" FunctionTC="1" FunctionEN="Analog input offset" FunctionKr="3" ColumnType="Textbox" Parameter="10" Remark="-" Default="0" Unit="mV" Minimum="0" Maximum="65535" RWAttribution="RW"/>
      <Register ModbusAddr="123" FunctionCN="模拟量输入滤波频率" FunctionTC="1" FunctionEN="Analog input filter frequency" FunctionKr="3" ColumnType="Textbox" Parameter="20" Remark="-" Default="100" Unit="Hz" Minimum="1" Maximum="65535" RWAttribution="RW"/>
      <Register ModbusAddr="124" FunctionCN="模拟量输入死区" FunctionTC="1" FunctionEN="Analog input dead zone" FunctionKr="3" ColumnType="Textbox" Parameter="20" Remark="-" Default="50" Unit="mV" Minimum="0" Maximum="65535" RWAttribution="RW"/>
      <Register ModbusAddr="125" FunctionCN="模拟量输入零漂" FunctionTC="1" FunctionEN="Analog input zero drift" FunctionKr="3" ColumnType="Textbox" Parameter="10" Remark="-" Default="0" Unit="mV" Minimum="0" Maximum="65535" RWAttribution="RW"/>
      <Register ModbusAddr="126" FunctionCN="5V对应的速度指令" FunctionTC="1" FunctionEN="Speed command corresponding to 5V" FunctionKr="3" ColumnType="Textbox" Parameter="20" Remark="-" Default="3500" Unit="RPM" Minimum="0" Maximum="32767" RWAttribution="RW"/>
      <Register ModbusAddr="127" FunctionCN="DSP实际采样电压值" FunctionTC="1" FunctionEN="DSP actual sampling voltage value" FunctionKr="3" ColumnType="Textbox" Parameter="3" Remark="-" Default="-" Unit="mV" Minimum="0" Maximum="65535" RWAttribution="R"/>
      <Register ModbusAddr="128" FunctionCN="经过处理后的电压值" FunctionTC="1" FunctionEN="Voltage value after treatment" FunctionKr="3" ColumnType="Textbox" Parameter="1" Remark="-" Default="0" Unit="mV" Minimum="0" Maximum="1" RWAttribution="R"/>
      <Register ModbusAddr="129" FunctionCN="当前输入电压对应的速度" FunctionTC="1" FunctionEN="Speed corresponding to current input voltage" FunctionKr="3" ColumnType="Textbox" Parameter="20" Remark="-" Default="-" Unit="RPM" Minimum="0" Maximum="65535" RWAttribution="R"/>
      <Register ModbusAddr="130" FunctionCN="模拟量速度强制启动" FunctionTC="1" FunctionEN="Analog speed forced start" FunctionKr="3" ColumnType="Textbox" Parameter="0" Remark="-" Default="0" Unit="-" Minimum="0" Maximum="3" RWAttribution="RW"/>
      <Register ModbusAddr="131" FunctionCN="死区处理模式" FunctionTC="1" FunctionEN="Dead zone processing mode" FunctionKr="3" ColumnType="Textbox" Parameter="0" Remark="-" Default="0" Unit="-" Minimum="0" Maximum="1" RWAttribution="RW"/>
      <Register ModbusAddr="132" FunctionCN="默认参数ID" FunctionTC="1" FunctionEN="Default parameter ID" FunctionKr="3" ColumnType="Textbox" Parameter="20" Remark="-" Default="0" Unit="-" Minimum="0" Maximum="65535" RWAttribution="RW"/>
      <Register ModbusAddr="133" FunctionCN="默认电机ID" FunctionTC="1" FunctionEN="Default motor ID" FunctionKr="3" ColumnType="Textbox" Parameter="20" Remark="-" Default="23019" Unit="-" Minimum="0" Maximum="65535" RWAttribution="RW"/>
      <Register ModbusAddr="134" FunctionCN="速度指令来源" FunctionTC="1" FunctionEN="Speed command source" FunctionKr="3" ColumnType="Textbox" Parameter="10" Remark="-" Default="0" Unit="-" Minimum="0" Maximum="10" RWAttribution="RW"/>
      <Register ModbusAddr="135" FunctionCN="电流阶跃测试百分比" FunctionTC="1" FunctionEN="Current step test percentage" FunctionKr="3" ColumnType="Textbox" Parameter="20" Remark="-" Default="30" Unit="%" Minimum="0" Maximum="100" RWAttribution="RW"/>
      <Register ModbusAddr="136" FunctionCN="数据采样通道1" FunctionTC="1" FunctionEN="Data sampling channel 1" FunctionKr="3" ColumnType="Textbox" Parameter="3" Remark="-" Default="0" Unit="-" Minimum="0" Maximum="20" RWAttribution="RW"/>
      <Register ModbusAddr="137" FunctionCN="数据采样通道2" FunctionTC="1" FunctionEN="Data sampling channel 2" FunctionKr="3" ColumnType="Textbox" Parameter="1" Remark="-" Default="0" Unit="-" Minimum="0" Maximum="20" RWAttribution="RW"/>
      <Register ModbusAddr="138" FunctionCN="数据采样间隔" FunctionTC="1" FunctionEN="Data sampling interval" FunctionKr="3" ColumnType="Textbox" Parameter="0" Remark="-" Default="1" Unit="62.5us" Minimum="0" Maximum="65535" RWAttribution="RW"/>
      <Register ModbusAddr="139" FunctionCN="数据采样标志" FunctionTC="1" FunctionEN="Data sampling interval" FunctionKr="3" ColumnType="Textbox" Parameter="0" Remark="-" Default="0" Unit="-" Minimum="0" Maximum="2" RWAttribution="RW"/>
      <Register ModbusAddr="140" FunctionCN="电流阶跃测试标志" FunctionTC="1" FunctionEN="Current step test flag" FunctionKr="3" ColumnType="Textbox" Parameter="0" Remark="-" Default="0" Unit="-" Minimum="0" Maximum="2" RWAttribution="RW"/>
      <Register ModbusAddr="141" FunctionCN="拨码状态" FunctionTC="1" FunctionEN="Dialing status" FunctionKr="3" ColumnType="Textbox" Parameter="0" Remark="-" Default="-" Unit="-" Minimum="-" Maximum="-" RWAttribution="R"/>
      <Register ModbusAddr="142-153" FunctionCN="保留" FunctionTC="1" FunctionEN="Keep" FunctionKr="3" ColumnType="Textbox" Parameter="-" Remark="2" Default="-" Unit="-" Minimum="-" Maximum="-" RWAttribution="R"/>
      <Register ModbusAddr="154" FunctionCN="过压值" FunctionTC="1" FunctionEN="Overpressure value" FunctionKr="3" ColumnType="Textbox" Parameter="0" Remark="-" Default="65" Unit="-" Minimum="-" Maximum="-" RWAttribution="RW"/>
      <Register ModbusAddr="155-158" FunctionCN="保留" FunctionTC="1" FunctionEN="Keep" FunctionKr="3" ColumnType="Textbox" Parameter="-" Remark="2" Default="-" Unit="-" Minimum="-" Maximum="-" RWAttribution="R"/>
      <Register ModbusAddr="159" FunctionCN="使能断线检测" FunctionTC="1" FunctionEN="Enable short line detection" FunctionKr="3" ColumnType="Textbox" Parameter="0" Remark="-" Default="0" Unit="-" Minimum="0" Maximum="1" RWAttribution="RW"/>
    </RegisterSummary>
    <ToolStripMenuItems>
      <toolStripMenuItem toolStripMenuItemID="0" NameCN="通讯设置" NameTC="通訊設置" NameEN="Communication Setting" NameKr="" isEnable="1" isVisible="1"/>
      <toolStripMenuItem toolStripMenuItemID="1" NameCN="设备管理" NameTC="設備管理" NameEN="File Management" NameKr="" isEnable="1" isVisible="1"/>
      <toolStripMenuItem toolStripMenuItemID="2" NameCN="参数比较" NameTC="參數比較" NameEN="Parameter Comparison" NameKr="" isEnable="1" isVisible="1"/>
      <toolStripMenuItem toolStripMenuItemID="3" NameCN="添加xml文件" NameTC="添加xml文件" NameEN="Add xml File" NameKr="" isEnable="1" isVisible="1"/>
      <toolStripMenuItem toolStripMenuItemID="4" NameCN="常用功能" NameTC="常用功能" NameEN="MotionControl" NameKr="" isEnable="1" isVisible="1"/>
      <toolStripMenuItem toolStripMenuItemID="5" NameCN="运动测试" NameTC="運動測試" NameEN="MotionTest" NameKr="" isEnable="1" isVisible="1"/>
      <toolStripMenuItem toolStripMenuItemID="6" NameCN="示波器" NameTC="" NameEN="" NameKr="" isEnable="0" isVisible="0"/>
      <toolStripMenuItem toolStripMenuItemID="7" NameCN="实时状态" NameTC="運動測試" NameEN="MotionTest" NameKr="" isEnable="0" isVisible="0"/>
      <toolStripMenuItem toolStripMenuItemID="8" NameCN="运动轨迹计算器" NameTC="示波器" NameEN="Trajectory calculator" NameKr="" isEnable="1" isVisible="1"/>
      <toolStripMenuItem toolStripMenuItemID="9" NameCN="语言(Language)" NameTC="語言(Language)" NameEN="语言(Language)" NameKr="语言(Language)" isEnable="1" isVisible="1"/>
      <toolStripMenuItem toolStripMenuItemID="10" NameCN="简体中文" NameTC="簡體中文" NameEN="简体中文" NameKr="简体中文" isEnable="1" isVisible="1"/>
      <toolStripMenuItem toolStripMenuItemID="11" NameCN="繁體中文" NameTC="繁體中文" NameEN="繁體中文" NameKr="繁體中文" isEnable="1" isVisible="1"/>
      <toolStripMenuItem toolStripMenuItemID="12" NameCN="English" NameTC="English" NameEN="English" NameKr="English" isEnable="1" isVisible="1"/>
      <toolStripMenuItem toolStripMenuItemID="13" NameCN="한국어" NameTC="한국어" NameEN="한국어" NameKr="한국어" isEnable="1" isVisible="1"/>
      <toolStripMenuItem toolStripMenuItemID="14" NameCN="关于" NameTC="關於" NameEN="About" NameKr="" isEnable="1" isVisible="1"/>
      <toolStripMenuItem toolStripMenuItemID="15" NameCN="软件更新" NameTC="" NameEN="Software update" NameKr="" isEnable="1" isVisible="1"/>
      <toolStripMenuItem toolStripMenuItemID="16" NameCN="固件更新" NameTC="" NameEN="Firmware update" NameKr="" isEnable="1" isVisible="1"/>
      <toolStripMenuItem toolStripMenuItemID="17" NameCN="管理员入口" NameTC="" NameEN="Administrator" NameKr="" isEnable="1" isVisible="1"/>
      <toolStripMenuItem toolStripMenuItemID="18" NameCN="联系我们" NameTC="" NameEN="Connect us" NameKr="" isEnable="1" isVisible="1"/>
    </ToolStripMenuItems>
    <InterfaceLanguage>
      <SetParameterCtrlItem labelID="0" NameCN="设备名称" NameTC="" NameEN="DeviceName" NameKr=""/>
      <SetParameterCtrlItem labelID="1" NameCN="版本号" NameTC="" NameEN="Version" NameKr=""/>
      <SetParameterCtrlItem labelID="2" NameCN="设备地址" NameTC="" NameEN="DeviceAddr" NameKr=""/>
      <SetParameterCtrlItem labelID="3" NameCN="快捷搜索" NameTC="" NameEN="Search" NameKr=""/>
      <SetParameterCtrlItem labelID="4" NameCN="十进制:" NameTC="" NameEN="Decimal" NameKr=""/>
      <SetParameterCtrlItem labelID="5" NameCN="十六进制:" NameTC="" NameEN="Hex" NameKr=""/>
      <SetParameterCtrlItem tableHeaderID="0" NameCN="寄存器地址" NameTC="" NameEN="RegisterAddr" NameKr=""/>
      <SetParameterCtrlItem tableHeaderID="1" NameCN="功能说明" NameTC="" NameEN="Function" NameKr=""/>
      <SetParameterCtrlItem tableHeaderID="2" NameCN="参数值" NameTC="" NameEN="Parameter" NameKr=""/>
      <SetParameterCtrlItem tableHeaderID="3" NameCN="默认值" NameTC="" NameEN="Default" NameKr=""/>
      <SetParameterCtrlItem tableHeaderID="4" NameCN="单位" NameTC="" NameEN="Unit" NameKr=""/>
      <SetParameterCtrlItem tableHeaderID="5" NameCN="最小值" NameTC="" NameEN="MinValue" NameKr=""/>
      <SetParameterCtrlItem tableHeaderID="6" NameCN="最大值" NameTC="" NameEN="MaxValue" NameKr=""/>
      <SetParameterCtrlItem tableHeaderID="7" NameCN="属性" NameTC="" NameEN="RWAttribution" NameKr=""/>
      <SetParameterCtrlItem tableHeaderID="8" NameCN="备注" NameTC="" NameEN="Remark" NameKr=""/>
      <MotionCtrlItem tableHeaderID="0" NameCN="寄存器地址" NameTC="" NameEN="RegisterAddr" NameKr=""/>
      <MotionCtrlItem tableHeaderID="1" NameCN="功能说明" NameTC="" NameEN="Function" NameKr=""/>
      <MotionCtrlItem tableHeaderID="2" NameCN="参数值" NameTC="" NameEN="Parameter" NameKr=""/>
      <MotionCtrlItem tableHeaderID="3" NameCN="故障状态" NameTC="" NameEN="Parameter2" NameKr=""/>
      <MotionCtrlItem tableHeaderID="4" NameCN="故障代码" NameTC="" NameEN="Default" NameKr=""/>
      <MotionCtrlItem tableHeaderID="5" NameCN="状态指示" NameTC="" NameEN="Unit" NameKr=""/>
      <CalcCtrlItem labelID="0" NameCN="速度" NameTC="" NameEN="Speed" NameKr=""/>
      <CalcCtrlItem labelID="1" NameCN="加速度" NameTC="" NameEN="Acc" NameKr=""/>
      <CalcCtrlItem labelID="2" NameCN="减速度" NameTC="" NameEN="dec" NameKr=""/>
      <CalcCtrlItem labelID="3" NameCN="脉冲数/转" NameTC="" NameEN="pulse/rev" NameKr=""/>
      <CalcCtrlItem labelID="4" NameCN="行程" NameTC="" NameEN="Distance" NameKr=""/>
      <CalcCtrlItem labelID="5" NameCN="加速距离" NameTC="" NameEN="Acc distance" NameKr=""/>
      <CalcCtrlItem labelID="6" NameCN="减速距离" NameTC="" NameEN="Dec distance" NameKr=""/>
      <CalcCtrlItem labelID="7" NameCN="峰值速度" NameTC="" NameEN="Max speed" NameKr=""/>
      <CalcCtrlItem labelID="8" NameCN="加速时间(s)" NameTC="" NameEN=" Acc time(s)" NameKr=""/>
      <CalcCtrlItem labelID="9" NameCN="减速时间(s)" NameTC="" NameEN=" Dec time(s)" NameKr=""/>
      <CalcCtrlItem labelID="10" NameCN="总时间(s)" NameTC="" NameEN="Total time(s)" NameKr=""/>
      <CalcCtrlItem buttonID="0" NameCN="更新轨迹计算器" NameTC="" NameEN="Update Chart" NameKr=""/>
      <CommunicationCtrlItem labelID="0" NameCN="串口:" NameTC="" NameEN="Serial" NameKr=""/>
      <CommunicationCtrlItem labelID="1" NameCN="波特率:" NameTC="" NameEN="Baud rate" NameKr=""/>
      <CommunicationCtrlItem labelID="2" NameCN="数据位:" NameTC="" NameEN="Data bit" NameKr=""/>
      <CommunicationCtrlItem labelID="3" NameCN="停止位:" NameTC="" NameEN="Stop bit" NameKr=""/>
      <CommunicationCtrlItem labelID="4" NameCN="通讯超时(ms):" NameTC="" NameEN="Communication timeout (ms)" NameKr=""/>
      <CommunicationCtrlItem labelID="5" NameCN="校验位:" NameTC="" NameEN="Check bit" NameKr=""/>
      <CommunicationCtrlItem labelID="6" NameCN="搜索" NameTC="" NameEN="Search" NameKr=""/>
      <CommunicationCtrlItem comboxID="0" NameCN="38400" NameTC="38400" NameEN="38400" NameKr="38400" isEnable="1"/>
      <CommunicationCtrlItem buttonID="0" NameCN="打开串口?关闭串口" NameTC="" NameEN="Open the serial port? Close the serial port" NameKr=""/>
      <CommunicationCtrlItem buttonID="1" NameCN="搜索" NameTC="" NameEN="Search serial port" NameKr=""/>
      <CommunicationCtrlItem buttonID="2" NameCN="连接?关闭" NameTC="" NameEN="Connection? Close" NameKr=""/>
      <CommunicationCtrlItem tabpageID="0" NameCN="ModbusRTU" NameTC="ModbusRTU" NameEN="ModbusRTU" NameKr="ModbusRTU" isVisible="1"/>
      <CommunicationCtrlItem tabpageID="1" NameCN="ModbusTCP" NameTC="ModbusTCP" NameEN="ModbusTCP" NameKr="ModbusTCP" isVisible="0"/>
      <CompareFileCtrlItem labelID="0" NameCN="差异总数" NameTC="" NameEN="Total difference" NameKr=""/>
      <CompareFileCtrlItem labelID="1" NameCN="当前差异参数" NameTC="" NameEN="Current difference parameter" NameKr=""/>
      <CompareFileCtrlItem buttonID="0" NameCN="上一个差异" NameTC="" NameEN="Previous difference" NameKr=""/>
      <CompareFileCtrlItem buttonID="1" NameCN="下一个差异" NameTC="" NameEN="Next difference" NameKr=""/>
      <CompareFileCtrlItem checkbxID="0" NameCN="当前驱动器参数" NameTC="" NameEN="Current drive parameters" NameKr=""/>
      <CompareFileCtrlItem tableHeaderID="0" NameCN="寄存器地址" NameTC="" NameEN="RegisterAddr" NameKr=""/>
      <CompareFileCtrlItem tableHeaderID="1" NameCN="功能说明" NameTC="" NameEN="Function" NameKr=""/>
      <CompareFileCtrlItem tableHeaderID="2" NameCN="参数值一" NameTC="" NameEN="Parameter1" NameKr=""/>
      <CompareFileCtrlItem tableHeaderID="3" NameCN="参数值二" NameTC="" NameEN="Parameter2" NameKr=""/>
      <CompareFileCtrlItem tableHeaderID="4" NameCN="默认值" NameTC="" NameEN="Default" NameKr=""/>
      <CompareFileCtrlItem tableHeaderID="5" NameCN="单位" NameTC="" NameEN="Unit" NameKr=""/>
      <CompareFileCtrlItem tableHeaderID="6" NameCN="最小值" NameTC="" NameEN="MinValue" NameKr=""/>
      <CompareFileCtrlItem tableHeaderID="7" NameCN="最大值" NameTC="" NameEN="MaxValue" NameKr=""/>
    </InterfaceLanguage>
    <TabpageItems>
      <tabpageItem tabPageID="0" NameCN="IO输入输出" NameTC="" NameEN="IO input and output" NameKr="" isVisible="1"/>
      <tabpageItem tabPageID="1" NameCN="通用参数" NameTC="" NameEN="IO input and output" NameKr="" isVisible="0"/>
      <tabpageItem tabPageID="2" NameCN="伺服模式设定" NameTC="" NameEN="Servo mode setting" NameKr="" isVisible="0"/>
      <tabpageItem tabPageID="3" NameCN="电流环参数" NameTC="" NameEN="Current loop parameters" NameKr="" isVisible="0"/>
      <tabpageItem tabPageID="4" NameCN="回零模式设定" NameTC="" NameEN="Zero return mode setting" NameKr="" isVisible="0"/>
      <tabpageItem tabPageID="5" NameCN="无传感器校准" NameTC="" NameEN="Sensorless calibration" NameKr="" isVisible="1"/>
      <tabpageItem tabPageID="6" NameCN="校准步骤一" NameTC="" NameEN="Calibration step one" NameKr="" isVisible="0"/>
      <tabpageItem tabPageID="7" NameCN="校准步骤二" NameTC="" NameEN="Calibration step two" NameKr="" isVisible="0"/>
      <tabpageItem tabPageID="8" NameCN="校准步骤三" NameTC="" NameEN="Calibration step three" NameKr="" isVisible="0"/>
    </TabpageItems>
    <TextboxItems>
      <textboxItem textboxID="0" NameCN="速度给定(rpm)" NameTC="" NameEN="Speed(rpm)" NameKr="" ModbusAddr="47" Parameter="2000" RWAtrribute="RW" isEnable="0" isVisible="0"/>
      <textboxItem textboxID="1" NameCN="加减速度(r/s^2)" NameTC="" NameEN="Add and subtract speed(r/s^2)" NameKr="" ModbusAddr="49" Parameter="50" RWAtrribute="RW" isEnable="1" isVisible="1"/>
      <textboxItem textboxID="2" NameCN="速度给定(rpm)" NameTC="" NameEN="Speed(rpm)" NameKr="" ModbusAddr="47" Parameter="600" RWAtrribute="RW" isEnable="1" isVisible="1"/>
      <textboxItem textboxID="3" NameCN="位置" NameTC="" NameEN="Position" NameKr="" ModbusAddr="73" Parameter="200" RWAtrribute="RW" isEnable="0" isVisible="0" Remark="int32"/>
      <textboxItem textboxID="4" NameCN="JOG加速度" NameTC="" NameEN="JOG acceleration" NameKr="" ModbusAddr="75" Parameter="100" RWAtrribute="RW" isEnable="0" isVisible="0"/>
      <textboxItem textboxID="5" NameCN="JOG减速度" NameTC="" NameEN="JOG deceleration" NameKr="" ModbusAddr="76" Parameter="100" RWAtrribute="RW" isEnable="0" isVisible="0"/>
      <textboxItem textboxID="6" NameCN="JOG速度" NameTC="" NameEN="JOG speed" NameKr="" ModbusAddr="77" Parameter="500" RWAtrribute="RW" isEnable="0" isVisible="0"/>
      <textboxItem textboxID="7" NameCN="急停减速度" NameTC="" NameEN="Emergency stop deceleration" NameKr="" ModbusAddr="78" Parameter="500" RWAtrribute="RW" isEnable="0" isVisible="0"/>
      <textboxItem textboxID="49" NameCN="极对数" NameTC="" NameEN="polar logarithmic" NameKr="" ModbusAddr="1" Parameter="4" RWAtrribute="RW" isEnable="1" isVisible="1"/>
      <textboxItem textboxID="50" NameCN="额定电流(mA)" NameTC="" NameEN="Rated current(mA)" NameKr="" ModbusAddr="15" Parameter="7500" RWAtrribute="RW" isEnable="1" isVisible="1"/>
      <textboxItem textboxID="51" NameCN="电阻估算电流(mA)" NameTC="" NameEN="Resistance estimation current(mA)" NameKr="" ModbusAddr="13" Parameter="2500" RWAtrribute="RW" isEnable="1" isVisible="1"/>
      <textboxItem textboxID="52" NameCN="电感估算电流(mA)" NameTC="" NameEN="Inductance estimated current(mA)" NameKr="" ModbusAddr="14" Parameter="2500" RWAtrribute="RW" isEnable="1" isVisible="1"/>
      <textboxItem textboxID="53" NameCN="估算器状态" NameTC="" NameEN="Estimator state" NameKr="" ModbusAddr="37" Parameter="0" RWAtrribute="R" isEnable="1" isVisible="1"/>
    </TextboxItems>
    <ButtonItems>
      <buttonItem buttonID="0" NameCN="定长正转" NameTC="" NameEN="Fixed length forward" NameKr="" ModbusAddr="24" Parameter="1" isEnable="0" isVisible="0"/>
      <buttonItem buttonID="1" NameCN="定长反转" NameTC="" NameEN="Fixed length inversion" NameKr="" ModbusAddr="24" Parameter="2" isEnable="0" isVisible="0"/>
      <buttonItem buttonID="2" NameCN="连续正转" NameTC="" NameEN="Continuous forward" NameKr="" ModbusAddr="24" Parameter="2" SlowDownParameter="0" isEnable="1" isVisible="1"/>
      <buttonItem buttonID="3" NameCN="连续反转" NameTC="" NameEN="Continuous reverse" NameKr="" ModbusAddr="24" Parameter="3" isEnable="1" isVisible="1"/>
      <buttonItem buttonID="4" NameCN="启动?停止" NameTC="" NameEN="Start?Stop" NameKr="" ModbusAddr="18" Parameter="1" isEnable="0" isVisible="0"/>
      <buttonItem buttonID="5" NameCN="保存重启" NameTC="" NameEN="Start sampling?Stop sampling" NameKr="" ModbusAddr="24" Parameter="3" isEnable="1" isVisible="1"/>
      <buttonItem buttonID="6" NameCN="启动校准?停止" NameTC="" NameEN="Start?Stop" NameKr="" ModbusAddr="24" Parameter="3" isEnable="1" isVisible="1"/>
      <buttonItem buttonID="7" NameCN="校准" NameTC="" NameEN="Calc" NameKr="" ModbusAddr="24" Parameter="3" isEnable="0" isVisible="0"/>
    </ButtonItems>
    <PicboxItems>
	    <picboxItem picboxID="0" NameCN="常开" NameTC="" NameEN="Frequent on" NameKr="" isEnable="1" isVisible="1"/>
      <picboxItem picboxID="1" NameCN="常闭" NameTC="" NameEN="Frequent off" NameKr="" isEnable="1" isVisible="1"/>
    </PicboxItems>
    <LblItems>
      <labelItem labelID="0" NameCN="极性" NameTC="" NameEN="Polarity" NameKr=""/>
      <labelItem labelID="1" NameCN="极性" NameTC="" NameEN="Polarity" NameKr=""/>
      <labelItem labelID="2" NameCN="极性" NameTC="" NameEN="Polarity" NameKr=""/>
      <labelItem labelID="3" NameCN="极性" NameTC="" NameEN="Polarity" NameKr=""/>
    </LblItems>
    <ComboBoxItems>
      <!--运动控制-->
      <comboxItem comboxID="0" NameCN="控制模式" NameTC="" NameEN="Control mode" NameKr="" ModbusAddr="0" isEnable="0" isVisible="1">
        <Menu NameCN="位置模式" NameTC="" NameEN="Position mode" NameKr="" Parameter="0"/>
        <Menu NameCN="速度模式" NameTC="" NameEN="Speed mode" NameKr="" Parameter="1"/>
        <Menu NameCN="力矩模式" NameTC="" NameEN="Torque mode" NameKr="" Parameter="2"/>
      </comboxItem>
      <comboxItem comboxID="1" NameCN="强制使能" NameTC="" NameEN="Force enable" NameKr="" ModbusAddr="23" isEnable="1" isVisible="1">
        <Menu NameCN="脱机" NameTC="" NameEN="Offline" NameKr="" Parameter="0"/>
        <Menu NameCN="使能" NameTC="" NameEN="Enable" NameKr="" Parameter="1"/>
      </comboxItem>
      <comboxItem comboxID="2" NameCN="速度源" NameTC="" NameEN="Speed source" NameKr="" ModbusAddr="2" isEnable="0" isVisible="1">
        <Menu NameCN="数字给定" NameTC="" NameEN="Digital given" NameKr="" Parameter="0"/>
        <Menu NameCN="速度表" NameTC="" NameEN="Speedometer" NameKr="" Parameter="1"/>
        <Menu NameCN="调试" NameTC="" NameEN="Debugging" NameKr="" Parameter="2"/>
      </comboxItem>
      <comboxItem comboxID="3" NameCN="脉冲指令来源" NameTC="" NameEN="Pulse command source" NameKr="" ModbusAddr="1" isEnable="0" isVisible="0">
        <Menu NameCN="脉冲指令" NameTC="" NameEN="Pulse command" NameKr="" Parameter="0"/>
        <Menu NameCN="步进量" NameTC="" NameEN="Step amount" NameKr="" Parameter="1"/>
        <Menu NameCN="位置表" NameTC="" NameEN="Location table" NameKr="" Parameter="2"/>
        <Menu NameCN="调试" NameTC="" NameEN="Debugging" NameKr="" Parameter="3"/>
      </comboxItem>
      <comboxItem comboxID="4" NameCN="演示模式" NameTC="" NameEN="Demo mode" NameKr="" ModbusAddr="86" isEnable="0" isVisible="0">
        <Menu NameCN="往复运行" NameTC="" NameEN="Reciprocating motion" NameKr="" Parameter="0"/>
        <Menu NameCN="单向运行" NameTC="" NameEN="Unidirectional motion" NameKr="" Parameter="1"/>
      </comboxItem>
      <comboxItem comboxID="5" NameCN="运行方向取反" NameTC="" NameEN="Reverse running direction" NameKr="" ModbusAddr="87" isEnable="0" isVisible="0">
        <Menu NameCN="正方向" NameTC="" NameEN="Positive direction" NameKr="" Parameter="0"/>
        <Menu NameCN="反方向" NameTC="" NameEN="Reverse direction" NameKr="" Parameter="1"/>
      </comboxItem>
      <comboxItem comboxID="6" NameCN="IN1:" NameTC="" NameEN="IN1:" NameKr="" ModbusAddr="100" bit="5" isEnable="1" isVisible="1">
        <Menu NameCN="普通输入" NameTC ="" NameEN="Common input" NameKr="" Parameter="0"/>
        <Menu NameCN="速度指令方向设定" NameTC ="" NameEN="Speed instruction direction setting" NameKr="" Parameter="18"/>
        <Menu NameCN="点动正转" NameTC ="" NameEN="Jog forward" NameKr="" Parameter="21"/>
        <Menu NameCN="点动反转" NameTC ="" NameEN="Jog reverse" NameKr="" Parameter="22"/>
        <Menu NameCN="点动启停" NameTC ="" NameEN="Jog start-stop" NameKr="" Parameter="23"/>
        <Menu NameCN="电位器正转" NameTC ="" NameEN="Potentiometer forward" NameKr="" Parameter="24"/>
        <Menu NameCN="电位器启停正转" NameTC ="" NameEN="Potentiometer start-stop forward" NameKr="" Parameter="25"/>
        <Menu NameCN="电位器启停反转" NameTC ="" NameEN="Potentiometer start-stop reverse" NameKr="" Parameter="26"/>
        <Menu NameCN="PWM正转" NameTC ="" NameEN="PWM forward" NameKr="" Parameter="27"/>
        <Menu NameCN="PWM反转" NameTC ="" NameEN="PWM reverse" NameKr="" Parameter="28"/>
        <Menu NameCN="PWM启停" NameTC ="" NameEN="PWM start-stop" NameKr="" Parameter="29"/>
      </comboxItem>
      <comboxItem comboxID="7" NameCN="IN2:" NameTC="" NameEN="IN2:" NameKr="" ModbusAddr="101" bit="5" isEnable="1" isVisible="1">
        <Menu NameCN="普通输入" NameTC ="" NameEN="Common input" NameKr="" Parameter="0"/>
        <Menu NameCN="速度指令方向设定" NameTC ="" NameEN="Speed instruction direction setting" NameKr="" Parameter="18"/>
        <Menu NameCN="点动正转" NameTC ="" NameEN="Jog forward" NameKr="" Parameter="21"/>
        <Menu NameCN="点动反转" NameTC ="" NameEN="Jog reverse" NameKr="" Parameter="22"/>
        <Menu NameCN="点动启停" NameTC ="" NameEN="Jog start-stop" NameKr="" Parameter="23"/>
        <Menu NameCN="电位器正转" NameTC ="" NameEN="Potentiometer forward" NameKr="" Parameter="24"/>
        <Menu NameCN="电位器启停正转" NameTC ="" NameEN="Potentiometer start-stop forward" NameKr="" Parameter="25"/>
        <Menu NameCN="电位器启停反转" NameTC ="" NameEN="Potentiometer start-stop reverse" NameKr="" Parameter="26"/>
        <Menu NameCN="PWM正转" NameTC ="" NameEN="PWM forward" NameKr="" Parameter="27"/>
        <Menu NameCN="PWM反转" NameTC ="" NameEN="PWM reverse" NameKr="" Parameter="28"/>
        <Menu NameCN="PWM启停" NameTC ="" NameEN="PWM start-stop" NameKr="" Parameter="29"/>
      </comboxItem>
      <comboxItem comboxID="8" NameCN="IN3:" NameTC="" NameEN="IN3:" NameKr="" ModbusAddr="102" bit="5" isEnable="1" isVisible="1">
        <Menu NameCN="普通输入" NameTC ="" NameEN="Common input" NameKr="" Parameter="0"/>
        <Menu NameCN="速度指令方向设定" NameTC ="" NameEN="Speed instruction direction setting" NameKr="" Parameter="18"/>
        <Menu NameCN="点动正转" NameTC ="" NameEN="Jog forward" NameKr="" Parameter="21"/>
        <Menu NameCN="点动反转" NameTC ="" NameEN="Jog reverse" NameKr="" Parameter="22"/>
        <Menu NameCN="点动启停" NameTC ="" NameEN="Jog start-stop" NameKr="" Parameter="23"/>
        <Menu NameCN="电位器正转" NameTC ="" NameEN="Potentiometer forward" NameKr="" Parameter="24"/>
        <Menu NameCN="电位器启停正转" NameTC ="" NameEN="Potentiometer start-stop forward" NameKr="" Parameter="25"/>
        <Menu NameCN="电位器启停反转" NameTC ="" NameEN="Potentiometer start-stop reverse" NameKr="" Parameter="26"/>
        <Menu NameCN="PWM正转" NameTC ="" NameEN="PWM forward" NameKr="" Parameter="27"/>
        <Menu NameCN="PWM反转" NameTC ="" NameEN="PWM reverse" NameKr="" Parameter="28"/>
        <Menu NameCN="PWM启停" NameTC ="" NameEN="PWM start-stop" NameKr="" Parameter="29"/>
      </comboxItem>
      <comboxItem comboxID="9" NameCN="IN4:" NameTC="" NameEN="IN4:" NameKr="" ModbusAddr="103" bit="5" isEnable="1" isVisible="1">
        <Menu NameCN="普通输入" NameTC ="" NameEN="Common input" NameKr="" Parameter="0"/>
        <Menu NameCN="速度指令方向设定" NameTC ="" NameEN="Speed instruction direction setting" NameKr="" Parameter="18"/>
        <Menu NameCN="点动正转" NameTC ="" NameEN="Jog forward" NameKr="" Parameter="21"/>
        <Menu NameCN="点动反转" NameTC ="" NameEN="Jog reverse" NameKr="" Parameter="22"/>
        <Menu NameCN="点动启停" NameTC ="" NameEN="Jog start-stop" NameKr="" Parameter="23"/>
        <Menu NameCN="电位器正转" NameTC ="" NameEN="Potentiometer forward" NameKr="" Parameter="24"/>
        <Menu NameCN="电位器启停正转" NameTC ="" NameEN="Potentiometer start-stop forward" NameKr="" Parameter="25"/>
        <Menu NameCN="电位器启停反转" NameTC ="" NameEN="Potentiometer start-stop reverse" NameKr="" Parameter="26"/>
        <Menu NameCN="PWM正转" NameTC ="" NameEN="PWM forward" NameKr="" Parameter="27"/>
        <Menu NameCN="PWM反转" NameTC ="" NameEN="PWM reverse" NameKr="" Parameter="28"/>
        <Menu NameCN="PWM启停" NameTC ="" NameEN="PWM start-stop" NameKr="" Parameter="29"/>
      </comboxItem>
      <comboxItem comboxID="10" NameCN="IN5:" NameTC="" NameEN="IN5:" NameKr="" ModbusAddr="104" bit="5" isEnable="1" isVisible="1">
        <Menu NameCN="普通输入" NameTC ="" NameEN="Common input" NameKr="" Parameter="0"/>
        <Menu NameCN="速度指令方向设定" NameTC ="" NameEN="Speed instruction direction setting" NameKr="" Parameter="18"/>
        <Menu NameCN="点动正转" NameTC ="" NameEN="Jog forward" NameKr="" Parameter="21"/>
        <Menu NameCN="点动反转" NameTC ="" NameEN="Jog reverse" NameKr="" Parameter="22"/>
        <Menu NameCN="点动启停" NameTC ="" NameEN="Jog start-stop" NameKr="" Parameter="23"/>
        <Menu NameCN="电位器正转" NameTC ="" NameEN="Potentiometer forward" NameKr="" Parameter="24"/>
        <Menu NameCN="电位器启停正转" NameTC ="" NameEN="Potentiometer start-stop forward" NameKr="" Parameter="25"/>
        <Menu NameCN="电位器启停反转" NameTC ="" NameEN="Potentiometer start-stop reverse" NameKr="" Parameter="26"/>
        <Menu NameCN="PWM正转" NameTC ="" NameEN="PWM forward" NameKr="" Parameter="27"/>
        <Menu NameCN="PWM反转" NameTC ="" NameEN="PWM reverse" NameKr="" Parameter="28"/>
        <Menu NameCN="PWM启停" NameTC ="" NameEN="PWM start-stop" NameKr="" Parameter="29"/>
      </comboxItem>
      <comboxItem comboxID="11" NameCN="IN6:" NameTC="" NameEN="IN6:" NameKr="" ModbusAddr="65" bit="5" isEnable="0" isVisible="1">
        <Menu NameCN="普通输入" NameTC ="" NameEN="Common input" NameKr="" Parameter="0"/>
        <Menu NameCN="速度指令方向设定" NameTC ="" NameEN="Speed instruction direction setting" NameKr="" Parameter="18"/>
        <Menu NameCN="点动正转" NameTC ="" NameEN="Jog forward" NameKr="" Parameter="21"/>
        <Menu NameCN="点动反转" NameTC ="" NameEN="Jog reverse" NameKr="" Parameter="22"/>
        <Menu NameCN="点动启停" NameTC ="" NameEN="Jog start-stop" NameKr="" Parameter="23"/>
        <Menu NameCN="电位器正转" NameTC ="" NameEN="Potentiometer forward" NameKr="" Parameter="24"/>
        <Menu NameCN="电位器启停正转" NameTC ="" NameEN="Potentiometer start-stop forward" NameKr="" Parameter="25"/>
        <Menu NameCN="电位器启停反转" NameTC ="" NameEN="Potentiometer start-stop reverse" NameKr="" Parameter="26"/>
        <Menu NameCN="PWM正转" NameTC ="" NameEN="PWM forward" NameKr="" Parameter="27"/>
        <Menu NameCN="PWM反转" NameTC ="" NameEN="PWM reverse" NameKr="" Parameter="28"/>
        <Menu NameCN="PWM启停" NameTC ="" NameEN="PWM start-stop" NameKr="" Parameter="29"/>
      </comboxItem>
      <comboxItem comboxID="12" NameCN="OUT1:" NameTC="" NameEN="OUT1:" NameKr="" ModbusAddr="105" bit="5" isEnable="1" isVisible="1">
        <Menu NameCN="普通输出" NameTC ="" NameEN="common output" NameKr="" Parameter="0"/>
        <Menu NameCN="报警" NameTC ="" NameEN="alarm" NameKr="" Parameter="1"/>
        <Menu NameCN="转速到达" NameTC ="" NameEN="Speed to reach" NameKr="" Parameter="4"/>
      </comboxItem>
      <comboxItem comboxID="13" NameCN="OUT2:" NameTC="" NameEN="OUT2:" NameKr="" ModbusAddr="106" bit="5" isEnable="1" isVisible="1">
        <Menu NameCN="普通输出" NameTC ="" NameEN="common output" NameKr="" Parameter="0"/>
        <Menu NameCN="报警" NameTC ="" NameEN="alarm" NameKr="" Parameter="1"/>
        <Menu NameCN="转速到达" NameTC ="" NameEN="Speed to reach" NameKr="" Parameter="4"/>
      </comboxItem>
      <comboxItem comboxID="14" NameCN="OUT3:" NameTC="" NameEN="OUT3:" NameKr="" ModbusAddr="107" bit="5" isEnable="1" isVisible="1">
        <Menu NameCN="普通输出" NameTC ="" NameEN="common output" NameKr="" Parameter="0"/>
        <Menu NameCN="报警" NameTC ="" NameEN="alarm" NameKr="" Parameter="1"/>
        <Menu NameCN="转速到达" NameTC ="" NameEN="Speed to reach" NameKr="" Parameter="4"/>
      </comboxItem>
      <comboxItem comboxID="15" NameCN="OUT4:" NameTC="" NameEN="OUT4:" NameKr="" ModbusAddr="103" bit="5" isEnable="0" isVisible="1">
        <Menu NameCN="普通输出" NameTC ="" NameEN="common output" NameKr="" Parameter="0"/>
        <Menu NameCN="报警" NameTC ="" NameEN="alarm" NameKr="" Parameter="1"/>
        <Menu NameCN="转速到达" NameTC ="" NameEN="Speed to reach" NameKr="" Parameter="4"/>
      </comboxItem>
      <comboxItem comboxID="16" NameCN="OUT5:" NameTC="" NameEN="OUT5:" NameKr="" ModbusAddr="107" bit="5" isEnable="0" isVisible="1">
        <Menu NameCN="普通输出" NameTC ="" NameEN="common output" NameKr="" Parameter="0"/>
        <Menu NameCN="报警" NameTC ="" NameEN="alarm" NameKr="" Parameter="1"/>
        <Menu NameCN="转速到达" NameTC ="" NameEN="Speed to reach" NameKr="" Parameter="4"/>
      </comboxItem>
      <comboxItem comboxID="17" NameCN="OUT6:" NameTC="" NameEN="OUT6:" NameKr="" ModbusAddr="105" bit="5" isEnable="0" isVisible="1">
        <Menu NameCN="普通输出" NameTC ="" NameEN="common output" NameKr="" Parameter="0"/>
        <Menu NameCN="报警" NameTC ="" NameEN="alarm" NameKr="" Parameter="1"/>
        <Menu NameCN="转速到达" NameTC ="" NameEN="Speed to reach" NameKr="" Parameter="4"/>
      </comboxItem>
    </ComboBoxItems>
  </Product>
</RtDriverConfiguration>